Squad,Comp,Team_or_Opponent,PrgP,Final_Third,Cmp_percent_Total,Cmp_Short,Cmp_percent_Short,Cmp_Medium,Cmp_percent_Medium,Cmp_Long,Cmp_percent_Long,xAG,xA_Expected,Poss,Touches_Touches,Def 3rd_Touches,Mid 3rd_Touches,Att 3rd_Touches,Att Pen_Touches,Carries_Carries,PrgDist_Carries,Final_Third_Carries,CPA_Carries,Succ_Take,Tkl_Tackles,TklW_Tackles,Int,Def 3rd_Tackles,Mid 3rd_Tackles,Att 3rd_Tackles,Tkl+Int,Sh_Blocks,Pass_Blocks,Clr,SCA_SCA,SCA90_SCA,PassLive_SCA,TO_SCA,Sh_SCA,Fld_SCA,Def_SCA,GCA_GCA,GCA90_GCA,PassLive_GCA,PassDead_GCA,TO_GCA,Sh_GCA,Fld_GCA,Def_GCA,Sh_per_90_Standard,SoT_per_90_Standard,SoT_percent_Standard,G_per_Sh_Standard,G_per_SoT_Standard,xG_Expected,npxG_per_Sh_Expected,G_minus_xG_Expected,np:G_minus_xG_Expected,Recov,Won_percent_Aerial,Fls,Att,Live_Pass,TB_Pass,Sw_Pass,Cluster,Cluster_Name,PCA1,PCA2
Alavés,La Liga,team,1160,963,71.4,4546,82.7,4441,80.1,1312,46.2,25.4,25.9,45.3,19070,5802,8634,4809,691,9128,22946,346,90,185,737,459,309,346,307,84,1046,96,286,918,690,18.16,465,26,41,48,15,61,1.61,39,3,3,7,9,0,10.34,3.24,31.3,0.07,0.24,42.8,0.09,-4.8,-5.1,1499,47.9,623,14746,12723,45,99,0,Possession Builders,-6.805246740810807,3.8645273309183588
Angers,Ligue 1,team,953,777,78.8,4970,88.4,4828,85.4,1022,50.0,23.5,22.7,41.2,17919,6594,7732,3813,512,9398,26951,365,98,249,624,392,336,340,202,82,960,116,249,903,546,16.06,389,25,33,29,21,55,1.62,34,4,3,4,8,2,9.15,2.68,29.3,0.08,0.29,36.0,0.1,-5.0,-5.3,1414,43.8,380,14057,12474,53,69,0,Possession Builders,-6.7296600454769875,0.09139519253649975
Arsenal,Premier League,team,1826,1397,84.3,8591,91.8,7129,89.1,1031,51.0,45.3,45.7,56.9,24056,6064,10362,7808,1282,14234,40246,540,286,320,598,348,225,220,249,129,823,106,222,680,969,25.5,726,52,64,34,11,119,3.13,86,11,6,11,4,1,14.32,4.68,32.7,0.12,0.37,59.9,0.11,7.1,6.6,1436,50.3,401,20241,18608,80,74,8,High Work-Rate Creators,6.640528909516164,-0.7127440089449245
Aston Villa,Premier League,team,1344,1137,82.6,6778,90.3,6555,88.7,1088,52.7,41.7,36.9,50.5,21699,7301,9257,5362,951,12334,36242,448,212,327,637,372,240,293,249,95,877,107,222,788,849,22.34,602,51,58,39,14,102,2.68,80,7,3,6,4,2,12.58,4.18,33.3,0.11,0.33,56.1,0.11,-0.1,1.7,1418,47.2,406,17797,16044,95,58,8,High Work-Rate Creators,1.8519845757919742,0.1140335579664226
Atalanta,Serie A,team,1824,1382,83.1,7796,89.9,7832,88.1,1506,59.6,46.9,46.4,55.3,25020,6907,11325,7007,1076,15076,42064,696,254,257,571,347,296,238,260,73,867,98,262,679,966,25.42,736,51,71,22,11,131,3.45,105,5,4,13,4,0,14.16,4.76,33.6,0.13,0.39,65.0,0.11,11.0,11.5,1732,54.4,435,20998,19273,48,117,6,Efficient Attackers,7.147532265783743,-0.6979302992336183
Athletic Club,La Liga,team,1579,1283,78.6,5552,86.8,6520,86.7,1395,51.0,36.7,33.1,48.4,21761,6255,10334,5382,760,11368,32773,444,188,328,577,345,344,240,252,85,921,72,281,911,832,21.89,630,52,38,27,20,92,2.42,63,8,7,8,6,0,12.16,3.89,32.0,0.11,0.34,53.0,0.11,0.0,1.8,1735,49.1,483,17375,15511,48,116,1,Balanced Attackers,0.5849667915319031,1.0542862061983327
Atlético Madrid,La Liga,team,1559,1233,83.2,8814,90.4,6993,87.6,1486,59.0,47.9,45.3,52.6,25387,8013,11493,6074,860,15829,41305,579,167,276,619,375,260,305,238,76,879,97,261,818,826,21.74,657,39,42,24,15,123,3.24,100,1,7,7,5,3,12.18,4.58,37.6,0.13,0.36,64.6,0.13,3.4,2.7,1563,51.4,412,21418,19514,76,112,6,Efficient Attackers,5.062545520911652,-0.02433831405207276
Augsburg,Bundesliga,team,1162,905,77.5,4900,85.8,5187,86.0,1267,53.3,25.1,33.1,44.3,19036,6126,8404,4701,681,10166,23696,356,97,228,464,300,341,198,202,64,805,121,296,971,704,20.71,505,34,43,37,5,63,1.85,42,7,5,5,3,1,11.68,3.35,28.7,0.09,0.3,34.7,0.08,0.3,0.9,1441,51.9,351,14936,13228,32,48,4,Defensive Blockers,-4.367645455854777,-3.706043597338043
Auxerre,Ligue 1,team,1084,804,77.7,4812,87.2,4576,85.5,1301,52.1,32.0,24.3,42.5,18188,6744,7753,3877,614,10101,24986,350,137,258,657,403,350,330,232,95,1007,125,269,944,688,20.24,512,35,38,25,20,87,2.56,52,10,8,7,9,1,11.03,4.24,38.4,0.11,0.3,41.0,0.1,6.0,5.7,1492,49.4,404,14162,12617,34,168,7,Direct Threat Makers,-3.4020121612662972,0.9560357511881111
Barcelona,La Liga,team,2212,2020,86.8,10452,92.2,9674,90.9,1577,65.1,67.5,64.7,68.3,29805,6516,14966,8535,1208,18077,49435,667,238,455,538,332,227,186,245,107,765,60,269,601,1205,31.71,928,79,71,53,14,172,4.53,127,5,17,10,12,1,17.63,6.32,35.8,0.14,0.38,91.5,0.13,7.5,6.8,1673,52.9,368,25721,23787,130,133,2,High-Tempo Elite Attack,16.060125898683822,0.4445328802205663
Bayern Munich,Bundesliga,team,2138,2131,88.4,11338,93.3,9489,91.9,1548,66.5,59.7,75.9,67.9,29435,6130,14825,8664,1212,18048,45625,683,265,383,506,300,232,166,233,107,738,52,266,518,1168,34.35,902,91,63,37,11,161,4.74,108,6,19,16,9,3,18.71,7.5,40.1,0.14,0.34,81.7,0.12,14.3,13.0,1665,54.9,295,25733,24287,129,125,2,High-Tempo Elite Attack,17.12932538039804,-1.360169191832463
Betis,La Liga,team,1486,1127,81.8,7583,90.0,6318,86.7,1341,54.9,37.5,34.8,52.4,23872,7466,10545,6088,921,13910,36269,532,228,312,645,397,356,271,273,101,1001,113,293,910,944,24.84,718,59,48,40,17,100,2.63,72,6,4,9,8,1,13.63,4.63,34.0,0.09,0.27,54.7,0.09,0.3,1.1,1679,49.3,433,19284,17322,60,153,1,Balanced Attackers,2.503482944188377,3.4106303277024304
Bochum,Bundesliga,team,1090,865,72.2,3889,82.8,4761,81.4,1433,50.4,30.0,35.5,45.5,18311,6257,8021,4198,683,9051,19107,292,89,167,600,360,294,318,207,75,894,142,333,906,739,21.74,535,24,50,33,14,53,1.56,30,5,5,8,3,2,12.74,3.91,30.7,0.07,0.23,41.8,0.09,-9.8,-8.3,1447,52.8,465,14230,12544,40,38,0,Possession Builders,-6.1227322485125155,-0.00688962780276049
Bologna,Serie A,team,1468,1351,81.1,6113,88.8,7530,88.0,1765,57.5,35.2,30.7,58.1,23304,6703,10984,5817,831,13684,33468,422,167,221,591,346,258,215,270,106,849,93,297,679,913,24.03,666,39,53,51,20,103,2.71,78,3,3,9,7,3,13.29,4.37,32.9,0.1,0.3,49.3,0.09,6.7,6.2,1516,48.5,537,19336,17378,42,138,6,Efficient Attackers,2.5321252584412566,0.17041615556401518
Bournemouth,Premier League,team,1489,1242,76.8,5648,86.7,5659,84.8,1365,48.4,43.8,36.5,48.5,21618,6444,9314,6128,1005,11733,36709,534,228,294,691,399,351,290,299,102,1042,136,323,1013,1012,26.63,767,44,70,42,21,93,2.45,62,6,5,8,10,2,15.11,5.05,33.4,0.09,0.27,64.0,0.1,-7.0,-7.5,1821,48.6,525,16900,15136,59,78,1,Balanced Attackers,0.9606050811533715,5.832469226153321
Brentford,Premier League,team,1356,1104,78.1,5849,86.8,5826,84.7,1449,52.9,42.4,38.1,47.9,21491,8328,8055,5310,987,11412,31661,380,213,265,633,380,285,289,223,121,918,199,281,1040,780,20.53,569,40,51,35,11,113,2.97,78,11,5,9,9,1,11.42,4.55,39.9,0.14,0.35,59.0,0.13,6.0,5.6,1644,52.4,320,17100,15453,69,71,1,Balanced Attackers,1.072319994172583,0.21901405398297336
Brest,Ligue 1,team,1096,929,79.1,5284,87.3,5575,86.2,1526,55.9,29.4,30.3,48.4,19884,6822,8962,4265,644,10454,26772,348,117,209,656,426,316,291,255,110,972,105,258,869,730,21.47,498,25,48,55,23,85,2.5,51,6,4,13,8,3,12.03,4.44,36.9,0.11,0.3,45.4,0.1,6.6,6.7,1471,51.2,430,16021,14404,41,133,7,Direct Threat Makers,-1.7561317295945749,0.9745850261588087
Brighton,Premier League,team,1539,1189,82.4,7629,90.4,6541,87.5,1313,54.8,40.4,39.1,52.3,23677,7503,10292,6153,1085,13919,41746,576,263,338,705,431,315,287,297,121,1020,122,317,762,933,24.55,685,56,53,55,14,113,2.97,78,7,10,6,10,2,13.84,4.82,34.8,0.11,0.31,58.7,0.1,5.3,3.7,1624,52.8,438,19188,17527,77,76,1,Balanced Attackers,4.08564380763135,4.087163013327615
Cagliari,Serie A,team,1150,907,76.5,5258,86.5,5403,84.3,1218,48.4,32.0,29.3,44.9,19802,7637,8203,4166,645,10679,25903,339,115,228,538,303,276,264,224,50,814,131,212,887,748,19.68,516,36,66,34,8,71,1.87,54,4,2,5,5,1,11.08,3.03,27.3,0.08,0.3,42.7,0.1,-4.7,-5.3,1522,50.2,500,15802,13897,25,60,4,Defensive Blockers,-4.27507664198427,-2.2150936008119206
Celta Vigo,La Liga,team,1659,1424,83.7,7549,90.2,8368,89.7,1480,58.7,38.4,36.9,53.6,25123,7618,12133,5574,831,15010,39392,500,218,254,555,340,282,258,217,80,837,91,254,828,789,20.76,607,42,57,30,12,98,2.58,77,1,5,8,7,0,11.63,4.39,37.8,0.11,0.3,54.2,0.11,3.8,2.7,1532,46.1,462,21253,19376,89,149,6,Efficient Attackers,3.8724803728743917,-1.0580342636412279
Chelsea,Premier League,team,1595,1488,84.6,8067,91.6,8244,90.4,1369,53.7,52.7,41.8,57.1,25217,7564,11375,6497,1115,14501,41394,493,317,326,588,371,272,243,244,101,860,103,253,695,1061,27.92,811,58,70,39,23,109,2.87,75,5,9,9,7,4,15.53,5.34,34.4,0.1,0.28,67.8,0.11,-6.8,-6.8,1577,50.8,436,21320,19613,79,95,6,Efficient Attackers,6.8822443585659565,2.2642672354399513
Como,Serie A,team,1377,1150,83.0,7607,91.1,6561,88.8,1286,54.5,36.6,30.8,54.6,23246,7668,10461,5315,791,14108,35128,463,202,264,663,412,279,301,260,102,942,91,257,788,920,24.21,673,44,66,40,13,79,2.08,66,2,5,3,1,2,13.66,4.63,33.9,0.08,0.25,45.4,0.09,-1.4,0.1,1547,49.2,503,19183,17335,52,93,3,Defensive Stability First,1.23791724411888,2.1917642374914164
Crystal Palace,Premier League,team,1158,886,75.4,5198,85.5,5285,83.7,1137,44.7,46.4,36.6,42.8,20389,7689,8441,4456,797,10275,25304,354,126,209,767,450,334,374,299,94,1101,144,341,1088,877,23.08,633,33,71,48,16,89,2.34,60,8,6,8,6,1,13.47,4.61,34.2,0.09,0.26,60.4,0.11,-11.4,-11.3,1698,44.6,417,15754,14066,71,59,1,Balanced Attackers,-3.086890382767368,5.825697014500932
Dortmund,Bundesliga,team,1563,1348,84.0,7783,91.2,7542,90.0,1403,57.0,47.4,50.4,58.9,24214,6972,11525,5921,916,14567,36951,522,219,341,523,319,249,232,196,95,772,100,275,726,857,25.21,628,72,58,26,15,123,3.62,88,4,13,8,5,5,14.06,4.62,32.8,0.13,0.41,61.2,0.12,7.8,7.5,1480,53.1,330,20321,18695,67,93,6,Efficient Attackers,6.786986862191635,-2.4117445551495442
Eint Frankfurt,Bundesliga,team,1347,1033,81.3,6627,90.4,5810,87.0,1094,49.8,45.2,43.6,49.7,21315,7332,9549,4619,871,12239,29809,428,188,293,566,341,287,267,219,80,853,128,297,994,849,24.97,594,57,77,36,20,115,3.38,67,8,17,13,5,5,14.12,5.06,35.8,0.14,0.38,65.1,0.13,2.9,3.6,1486,51.7,341,17138,15585,48,64,1,Balanced Attackers,2.9909840816964612,-0.8665517780126797
Empoli,Serie A,team,1013,799,72.5,4015,82.9,4558,82.1,1180,45.0,22.9,19.4,41.7,18255,6509,8088,3861,562,8486,20518,284,102,212,689,396,323,314,293,82,1012,136,260,1072,638,16.79,452,41,35,39,18,51,1.34,35,4,5,4,2,1,9.66,2.82,29.2,0.08,0.27,32.5,0.08,-1.5,-1.1,1480,44.8,570,13916,11976,34,71,0,Possession Builders,-8.358519150139653,1.9954716587096752
Espanyol,La Liga,team,1000,772,75.6,4245,85.9,4814,84.8,1297,49.3,24.5,23.4,39.8,18406,7408,7625,3582,548,9361,28280,359,109,221,640,397,315,380,210,50,955,155,280,1131,632,16.63,431,36,35,45,12,68,1.79,41,8,3,5,10,1,9.24,2.58,27.9,0.09,0.34,34.4,0.09,3.6,2.5,1364,49.4,498,13996,12245,51,97,0,Possession Builders,-6.927257666860634,-0.5268911580349995
Everton,Premier League,team,1041,1003,76.3,5039,86.7,4604,84.5,1526,52.6,32.2,27.2,40.9,19408,6930,7927,4762,732,9535,25414,364,119,283,732,433,345,366,269,97,1077,138,254,1088,713,18.76,530,44,31,31,12,68,1.79,46,4,6,4,5,3,10.63,3.66,34.4,0.09,0.27,41.8,0.1,-2.8,-3.2,1524,52.1,430,14953,13245,30,83,0,Possession Builders,-4.618884943038244,2.9878190176861277
Fiorentina,Serie A,team,1240,984,81.1,5771,89.1,6566,87.5,1565,57.3,35.1,27.4,51.0,21431,7306,9857,4479,671,12538,32278,479,164,270,531,313,275,267,195,69,806,123,230,911,799,21.03,579,51,50,45,15,100,2.63,65,8,9,10,8,0,11.55,4.37,37.8,0.12,0.31,48.9,0.1,9.1,9.4,1436,51.1,440,17510,15677,27,99,9,Solid Mid-Block Teams,0.664272906722315,-3.146766921555053
Freiburg,Bundesliga,team,1129,981,78.3,5552,86.9,5789,86.0,1209,50.0,30.5,36.3,48.7,20178,6656,9166,4504,722,10294,26564,319,119,215,511,317,276,225,222,64,787,112,288,811,714,21.0,501,38,57,44,11,84,2.47,60,7,3,9,4,1,11.91,3.88,32.6,0.11,0.35,44.3,0.11,1.7,4.9,1368,49.5,316,16460,14973,34,56,9,Solid Mid-Block Teams,-1.9187769345211156,-3.6663136022352933
Fulham,Premier League,team,1558,1346,82.0,7195,89.9,7222,88.1,1504,55.6,37.5,35.0,52.3,23926,8095,9787,6287,954,14026,38440,544,213,288,679,411,302,327,259,93,981,113,269,914,940,24.74,718,38,70,25,16,99,2.61,80,3,5,4,4,3,13.58,4.39,32.4,0.1,0.3,49.0,0.09,4.0,4.1,1610,50.0,432,19753,18077,43,119,6,Efficient Attackers,2.736883638488751,2.4340574727253315
Genoa,Serie A,team,980,737,76.5,4811,85.6,5664,84.8,1243,49.4,26.8,22.6,45.6,20080,7477,8829,3958,644,10006,25471,343,112,187,672,385,308,281,287,104,980,126,296,938,657,17.29,455,22,45,44,11,61,1.61,45,7,1,6,2,0,10.08,3.08,30.5,0.09,0.3,37.2,0.09,-2.2,-0.5,1481,48.9,497,15727,13887,42,57,0,Possession Builders,-5.769362525429284,0.9310080633834161
Getafe,La Liga,team,981,958,67.3,3711,81.0,3515,76.0,1250,42.4,23.9,23.8,41.8,17605,5183,7998,4646,675,7825,19034,311,105,265,645,393,276,287,278,80,921,84,327,1065,736,19.37,483,45,37,58,19,56,1.47,33,7,1,8,5,2,11.32,3.21,28.4,0.07,0.24,36.8,0.08,-2.8,-4.0,1436,51.1,602,12922,10790,23,116,0,Possession Builders,-7.985232667359264,2.1569136323882603
Girona,La Liga,team,1691,1494,85.4,8002,92.0,8458,90.8,1526,59.5,31.6,37.4,56.3,25088,7829,11533,5912,795,15275,44108,553,180,291,569,348,279,268,219,82,848,104,223,722,727,19.13,562,34,37,23,11,77,2.03,56,6,2,9,3,1,10.45,3.53,33.8,0.1,0.29,42.5,0.1,0.5,0.4,1443,48.3,437,21401,19598,39,128,6,Efficient Attackers,2.562058725029484,-1.7678713837122129
Gladbach,Bundesliga,team,1112,848,80.8,6502,89.6,6076,86.7,1261,54.3,37.7,34.9,49.6,21519,8283,9361,4035,702,11672,29577,360,131,206,504,284,317,278,177,49,821,166,279,1067,736,21.65,542,27,50,29,15,93,2.74,73,7,3,5,4,1,12.15,4.5,37.0,0.12,0.32,50.6,0.11,2.4,2.4,1308,52.8,339,17507,15877,80,69,9,Solid Mid-Block Teams,-0.9184646774995583,-3.746172578860823
Heidenheim,Bundesliga,team,974,806,75.8,4145,83.1,5303,85.2,1428,53.2,28.6,31.4,43.5,18836,7356,7915,3789,619,10014,26117,347,94,232,614,356,312,322,235,57,926,109,326,952,713,20.97,489,43,47,49,8,60,1.76,32,8,4,9,6,1,11.71,3.65,31.2,0.08,0.26,40.3,0.09,-3.3,-4.3,1420,46.1,385,14684,12981,20,77,0,Possession Builders,-5.522108858449126,-0.39276424622840683
Hellas Verona,Serie A,team,1011,824,73.2,4411,85.7,4092,82.8,1079,42.0,24.8,20.6,38.7,17659,5973,8025,3869,532,8757,22203,338,100,228,672,434,329,326,271,75,1001,123,270,987,640,16.84,459,31,40,31,13,48,1.26,29,5,3,6,3,2,9.79,2.5,25.5,0.08,0.31,33.8,0.09,-2.8,-3.3,1427,49.0,579,13457,11789,28,91,0,Possession Builders,-8.193511957197567,1.625026336120574
Hoffenheim,Bundesliga,team,1218,1041,77.7,5746,87.2,5461,83.7,1221,50.0,32.7,38.9,48.7,20591,6644,9219,4904,762,10884,25062,391,124,234,570,336,291,266,236,68,861,139,311,922,790,23.24,585,39,50,35,7,81,2.38,55,8,6,7,4,1,12.94,4.35,33.6,0.1,0.29,42.6,0.09,3.4,2.7,1466,49.5,391,16506,14841,38,65,9,Solid Mid-Block Teams,-1.9954247963729148,-1.494116956504532
Holstein Kiel,Bundesliga,team,875,676,75.5,4072,85.4,5038,84.1,1261,49.3,26.7,27.8,43.6,18172,7924,7386,3022,572,8483,19640,261,81,184,541,328,294,292,174,75,835,155,254,1126,652,19.18,459,21,49,40,9,81,2.38,49,8,5,10,6,3,10.82,3.91,36.1,0.12,0.34,39.8,0.1,9.2,9.1,1267,47.4,407,13961,12298,30,58,4,Defensive Blockers,-5.4501274174538334,-4.137984150848008
Inter,Serie A,team,1730,1353,85.9,8329,91.4,8987,90.5,1751,65.8,48.3,49.0,59.4,26215,7834,12203,6361,1048,16253,40921,566,155,158,505,288,227,215,198,92,732,126,230,676,1028,27.05,781,31,62,42,15,133,3.5,99,10,5,10,8,1,14.87,4.71,31.7,0.12,0.38,66.9,0.11,9.1,7.9,1440,59.0,417,22592,20929,86,132,5,Overperforming Finishers,8.148059817896677,-3.7264908916055757
Ipswich Town,Premier League,team,935,865,78.0,5157,88.4,5115,85.4,1021,46.7,24.2,21.2,40.6,19091,7764,7504,4032,605,9384,26144,330,150,277,589,340,303,294,214,81,892,185,251,1102,658,17.32,458,51,30,33,14,58,1.53,46,2,6,2,2,0,9.84,3.16,32.1,0.09,0.28,34.4,0.09,0.6,0.2,1437,50.9,430,14775,13146,44,60,4,Defensive Blockers,-5.847967417679599,-1.0904349648853298
Juventus,Serie A,team,1561,1390,86.0,8378,92.0,8078,91.1,1473,60.6,35.9,33.2,57.2,25202,7729,11766,5913,856,15347,45140,558,216,309,606,353,215,273,245,88,821,139,265,723,908,23.89,690,55,58,31,14,94,2.47,69,5,8,7,3,2,13.39,4.61,34.4,0.1,0.29,51.0,0.09,5.0,3.7,1516,49.8,480,21231,19605,48,101,6,Efficient Attackers,4.628572843325445,-0.46131404469778853
Las Palmas,La Liga,team,1210,1059,78.8,6396,88.2,6214,85.5,1395,50.3,26.3,26.5,50.7,22497,7809,10353,4511,669,11365,28603,346,113,239,619,370,321,308,253,58,940,139,295,971,741,19.5,543,39,39,46,9,68,1.79,54,2,2,5,4,1,10.76,3.53,32.8,0.09,0.26,36.3,0.08,1.7,1.8,1454,48.5,452,18209,16234,49,117,3,Defensive Stability First,-3.2251064863663177,0.0754592270778135
Lazio,Serie A,team,1588,1374,84.0,6959,91.0,7447,89.7,1670,61.2,38.5,34.7,55.1,23200,6760,11033,5654,928,13530,39821,587,189,296,520,319,295,234,224,62,815,90,223,718,954,25.11,712,49,76,32,18,103,2.71,76,4,7,10,5,1,13.89,4.87,35.0,0.1,0.29,57.2,0.1,2.8,2.0,1439,49.1,425,19521,17715,72,118,6,Efficient Attackers,4.572365423357605,-1.6239968890863057
Le Havre,Ligue 1,team,1051,786,78.8,4445,87.2,5289,86.4,1156,53.0,24.4,25.8,43.1,17975,6737,7822,3637,581,9506,26445,347,93,233,621,387,324,326,212,83,945,131,231,987,588,17.29,386,32,45,53,15,62,1.82,38,3,4,8,8,1,9.97,2.85,28.6,0.08,0.29,41.4,0.1,-4.4,-5.4,1399,50.8,379,14115,12577,24,82,0,Possession Builders,-5.948945513194017,-0.4709824700644443
Lecce,Serie A,team,1071,852,76.2,4757,86.5,5029,84.2,1465,51.2,24.5,20.5,43.8,19445,7211,8380,4085,605,9704,25490,349,121,237,627,372,285,315,250,62,912,144,263,1042,777,20.45,547,38,45,50,20,47,1.24,36,3,1,4,3,0,11.84,3.13,26.4,0.05,0.2,34.6,0.07,-7.6,-7.8,1484,50.9,466,15087,13201,36,84,0,Possession Builders,-6.393269939818655,1.0313476790496918
Leganés,La Liga,team,1030,796,75.5,5038,87.9,4716,84.2,1169,42.7,23.3,21.8,42.6,19312,7029,8720,3764,482,9782,24033,364,105,302,633,384,332,301,250,82,965,157,279,1201,608,16.0,399,50,35,51,16,73,1.92,48,3,9,4,7,2,9.08,2.89,31.9,0.1,0.3,36.0,0.09,2.0,2.4,1500,43.5,503,14840,13035,48,91,0,Possession Builders,-6.132925655249177,1.0253143077804021
Leicester City,Premier League,team,1082,953,79.7,6703,89.6,5797,87.0,1073,45.3,25.1,24.1,45.4,21748,8066,9845,4048,632,12276,30421,365,143,264,728,431,327,361,278,89,1055,198,307,987,585,15.39,427,44,26,34,5,56,1.47,37,4,6,5,4,0,8.74,2.76,31.6,0.09,0.3,32.6,0.09,0.4,0.6,1478,46.5,420,17486,15728,52,47,3,Defensive Stability First,-5.075914587454745,1.8436867079999115
Lens,Ligue 1,team,1451,1117,81.6,7330,89.3,5806,86.9,1219,56.4,36.2,41.1,54.1,22167,6346,10186,5833,848,12325,30074,479,122,249,606,365,321,264,233,109,927,101,286,705,859,25.26,647,42,66,22,12,65,1.91,47,2,5,8,2,1,14.24,4.35,30.6,0.07,0.24,51.8,0.1,-11.8,-13.3,1576,52.1,499,18173,16605,59,78,3,Defensive Stability First,0.2979775607663735,1.7429026910082028
Leverkusen,Bundesliga,team,1692,1610,84.8,9397,91.9,7044,88.4,1397,58.8,41.9,52.1,59.2,25098,5876,12171,7188,918,13865,35710,496,181,254,395,259,234,153,163,79,629,77,225,676,910,26.76,673,55,67,32,11,124,3.65,90,8,8,13,4,1,14.68,5.32,36.3,0.13,0.37,56.9,0.11,13.1,15.0,1463,52.5,325,21589,19979,67,114,5,Overperforming Finishers,7.830260256262841,-6.248940730798836
Lille,Ligue 1,team,1616,1393,85.0,7248,90.3,7757,90.5,1382,62.7,35.1,40.0,57.6,23278,6099,11352,5991,854,13642,37395,512,158,283,626,356,271,241,273,112,897,74,228,637,769,22.62,582,33,52,31,9,84,2.47,51,4,4,14,9,2,12.47,4.53,36.3,0.11,0.29,54.7,0.12,-2.7,-2.5,1535,52.8,410,19728,18220,42,101,6,Efficient Attackers,3.6244333493816727,-0.16681565309457208
Liverpool,Premier League,team,1924,1583,84.1,8615,91.8,7893,88.6,1412,55.4,61.6,54.3,57.7,25905,7285,11575,7274,1315,14931,41047,558,322,301,642,391,299,271,267,104,941,97,270,724,1151,30.29,881,82,73,27,18,147,3.87,111,7,12,10,6,1,16.82,5.66,33.6,0.12,0.35,82.2,0.12,2.8,0.8,1621,52.5,430,21758,19998,69,128,2,High-Tempo Elite Attack,9.770974883972158,2.9803523036602986
Lyon,Ligue 1,team,1615,1215,84.3,7944,90.9,6605,89.6,1102,55.7,44.4,52.5,56.4,22636,6644,10377,5810,999,13430,36807,483,201,238,576,340,282,257,230,89,858,113,233,695,802,23.59,637,34,51,24,4,114,3.35,90,2,7,9,6,0,12.76,5.09,39.9,0.12,0.31,60.3,0.12,1.7,1.5,1422,47.9,407,19063,17487,61,112,6,Efficient Attackers,3.9253902985147016,-1.6204925239020067
Mainz 05,Bundesliga,team,1286,1038,75.9,5681,86.6,5218,83.8,1280,47.9,37.5,45.0,50.4,20675,6705,9124,5015,782,10562,22087,334,119,214,564,325,352,234,247,83,916,128,291,947,736,21.65,557,30,42,30,10,93,2.74,75,2,0,9,6,1,12.26,4.18,34.1,0.12,0.35,50.1,0.12,2.9,2.0,1545,47.0,408,16434,14771,43,73,9,Solid Mid-Block Teams,-1.7624129419030696,-0.9533793107997276
Mallorca,La Liga,team,1184,973,77.7,5538,88.0,5349,84.8,1466,52.3,26.5,28.3,46.8,20649,7168,9299,4391,635,10945,26760,409,85,255,584,361,326,305,211,68,910,153,236,1161,684,18.0,471,30,48,33,6,60,1.58,45,8,0,2,4,1,10.05,2.82,28.0,0.08,0.28,38.8,0.09,-4.8,-4.9,1523,52.5,466,16224,14337,44,93,4,Defensive Blockers,-4.856316299108896,-0.7780325278645971
Manchester City,Premier League,team,1944,1685,88.1,11071,92.9,8884,91.5,1281,62.8,54.2,53.8,61.3,28103,6503,12076,9753,1348,18077,56163,863,404,377,497,299,229,183,216,98,726,89,242,619,1096,28.84,852,68,56,41,10,125,3.29,95,3,11,10,4,2,15.87,5.47,34.5,0.11,0.33,68.1,0.11,2.9,3.1,1437,48.1,287,24443,22822,86,90,2,High-Tempo Elite Attack,12.181009086431589,-1.6117389598393275
Manchester Utd,Premier League,team,1448,1141,82.5,8233,90.2,6855,88.2,1257,51.6,39.7,35.6,53.5,24734,8593,10460,5908,967,15116,37992,475,230,252,817,493,358,394,305,118,1175,107,279,759,939,24.71,711,38,61,36,15,70,1.84,45,4,5,6,6,4,13.79,4.42,32.1,0.07,0.23,52.6,0.1,-10.6,-11.4,1736,49.9,403,20415,18750,94,107,3,Defensive Stability First,1.586745965767265,7.655785637741618
Marseille,Ligue 1,team,1714,1513,87.9,10229,93.1,8543,91.4,1062,59.2,44.6,43.4,63.3,26602,6930,13580,6271,850,16260,39382,499,197,278,552,358,280,244,229,79,832,70,202,523,878,25.82,648,55,64,25,15,129,3.79,99,3,8,8,7,4,14.15,5.44,38.5,0.13,0.34,63.8,0.12,6.2,6.2,1485,55.6,394,23240,21718,58,75,6,Efficient Attackers,8.284141746270047,-1.679740924893346
Milan,Serie A,team,1589,1198,85.5,6939,90.6,7732,90.8,1389,62.1,46.8,39.3,53.9,22849,7299,10263,5518,966,14001,44096,648,269,343,552,349,234,249,222,81,786,95,197,691,1011,26.61,749,72,62,39,19,107,2.82,69,7,6,14,8,3,14.61,4.87,33.3,0.1,0.3,63.7,0.11,-4.7,-2.5,1397,52.6,415,19101,17400,90,85,6,Efficient Attackers,5.868716650417298,-0.7300395164033927
Monaco,Ligue 1,team,1638,1232,81.3,6877,88.3,6192,87.1,1143,53.6,55.3,54.1,55.0,21883,5633,10914,5558,969,12485,34414,534,187,266,670,429,357,281,287,102,1027,70,280,667,868,25.53,658,38,56,31,18,106,3.12,77,7,4,11,5,2,14.5,5.29,36.5,0.12,0.32,72.8,0.14,-9.8,-10.7,1763,50.3,462,17916,16257,88,88,1,Balanced Attackers,3.6143627745629447,4.3255972258338256
Montpellier,Ligue 1,team,1039,875,79.3,4844,87.6,4897,86.3,1384,57.1,23.0,23.6,45.3,18133,6036,8263,4032,540,9615,27149,362,138,262,631,389,273,302,264,65,904,123,245,733,614,18.06,429,32,34,44,18,39,1.15,23,4,5,3,4,0,10.91,3.26,29.9,0.05,0.18,33.5,0.09,-10.5,-10.4,1349,45.8,427,14420,12786,45,109,0,Possession Builders,-6.182310709839104,0.4861366948424905
Monza,Serie A,team,1096,895,81.3,5982,89.3,6561,88.4,1412,55.1,20.9,18.2,48.5,21338,8271,9181,4056,480,12954,31645,413,89,220,562,315,305,304,202,56,867,157,225,874,588,15.47,437,25,34,31,5,43,1.13,32,3,1,6,0,1,8.76,2.61,29.7,0.07,0.24,29.9,0.09,-2.9,-3.7,1299,48.4,512,17515,15688,30,78,4,Defensive Blockers,-5.375685543519336,-2.985458359817559
Nantes,Ligue 1,team,1053,878,78.8,4741,88.1,4886,87.1,1116,49.9,27.8,26.3,40.4,17874,6120,8089,3839,644,9492,23741,344,141,227,645,376,283,338,224,83,928,116,286,1007,616,18.12,441,43,37,23,13,64,1.88,46,1,8,6,3,0,10.15,3.5,34.5,0.1,0.29,39.1,0.11,-0.1,-1.3,1289,49.2,413,13956,12362,28,46,0,Possession Builders,-5.190695133664709,-0.9908866417138591
Napoli,Serie A,team,1546,1235,84.3,7296,90.4,7665,89.9,1582,63.4,39.1,35.4,54.6,23892,7471,11310,5295,869,13244,35365,443,207,244,535,323,270,237,238,60,805,100,217,813,882,23.21,672,39,61,28,12,100,2.63,75,4,7,6,7,1,13.13,3.95,30.1,0.1,0.35,52.9,0.1,3.1,2.9,1435,53.5,415,20033,18236,48,88,6,Efficient Attackers,3.209565961670622,-2.6432824730301965
Newcastle Utd,Premier League,team,1595,1149,81.6,7416,89.5,6475,87.8,1193,51.6,46.0,42.2,51.3,23032,7468,9671,6124,1082,13016,36065,474,263,282,603,371,270,275,235,93,873,141,270,884,938,24.68,711,39,53,37,25,115,3.03,94,7,3,5,4,2,13.66,4.29,31.4,0.12,0.37,63.8,0.12,2.2,1.5,1632,51.1,394,18898,17088,78,94,8,High Work-Rate Creators,3.465770436443923,1.0746658505958548
Nice,Ligue 1,team,1320,951,81.5,6345,89.4,5509,86.9,1015,53.2,42.9,40.6,47.5,20206,6488,9270,4693,843,10937,32981,413,171,295,633,399,365,297,242,94,998,127,290,784,861,25.32,626,53,61,38,20,105,3.09,74,8,6,8,8,1,14.29,5.38,37.7,0.12,0.31,61.6,0.13,0.4,-0.9,1608,51.5,391,16103,14573,88,62,1,Balanced Attackers,1.4080717487443684,2.2658992987321307
Nott'ham Forest,Premier League,team,1125,974,75.3,5322,87.3,4065,81.1,1038,44.4,33.0,29.9,41.2,18996,6477,7689,5063,785,8768,26563,384,187,259,698,419,322,406,225,67,1020,157,270,1220,798,21.0,569,35,60,40,20,91,2.39,58,10,3,8,8,4,12.11,4.26,35.2,0.12,0.33,45.5,0.1,11.5,10.8,1588,50.5,401,14366,12658,59,62,7,Direct Threat Makers,-3.3077014246645,1.7296130967491832
Osasuna,La Liga,team,1221,963,76.0,5022,85.7,5403,83.3,1489,52.5,29.8,33.4,46.1,20036,6318,8904,5007,737,10439,27022,424,134,260,614,365,266,296,239,79,880,102,286,918,726,19.11,503,39,42,43,6,82,2.16,49,5,5,8,14,1,10.76,3.24,30.1,0.09,0.3,44.0,0.09,2.0,-0.8,1461,54.5,508,16028,14070,28,133,0,Possession Builders,-2.9828742552448104,-0.4702262092486683
Paris S-G,Ligue 1,team,2123,1849,89.8,10887,93.7,10098,93.4,1623,71.6,70.8,61.3,68.0,29502,6704,14734,8262,1211,18244,49950,702,347,364,619,386,265,242,266,111,884,103,257,493,1153,33.91,921,64,59,27,23,158,4.65,124,4,11,10,6,3,18.47,8.0,43.3,0.13,0.31,88.9,0.14,0.1,-0.3,1654,55.0,307,25781,24296,97,175,2,High-Tempo Elite Attack,16.09920922424461,2.686825088543733
Parma,Serie A,team,1059,890,79.1,5238,87.4,5643,86.7,1289,51.5,29.3,24.5,44.2,19903,7204,8455,4468,655,11305,29684,416,168,249,523,293,279,267,201,55,802,153,281,977,749,19.71,542,49,37,45,15,73,1.92,47,6,7,6,5,2,11.0,3.68,33.5,0.09,0.26,43.1,0.09,-0.1,-0.6,1365,49.9,405,15805,14017,43,75,4,Defensive Blockers,-3.2134030067019324,-2.533657395574152
RB Leipzig,Bundesliga,team,1353,1138,80.7,6822,88.0,6428,86.0,1090,54.1,35.6,40.0,52.2,22396,6793,10962,4856,757,11429,27778,392,136,261,543,333,268,248,222,73,811,156,344,990,721,21.21,542,39,36,34,11,85,2.5,60,4,4,11,5,1,11.91,4.24,35.6,0.12,0.33,46.6,0.11,4.4,4.6,1533,52.2,376,18207,16606,80,50,9,Solid Mid-Block Teams,0.050175727058023,-2.1257931742765686
Rayo Vallecano,La Liga,team,1362,1081,78.0,6459,88.4,5793,85.8,1401,48.0,36.2,32.2,51.7,22372,7799,9339,5455,711,12068,29156,431,143,286,626,396,334,328,218,80,960,128,315,973,886,23.32,648,45,58,41,12,59,1.55,38,4,7,7,1,2,13.53,4.26,31.5,0.07,0.23,45.4,0.09,-7.4,-6.6,1688,47.3,522,17861,15874,46,112,3,Defensive Stability First,-1.8375139412977655,2.825792280723075
Real Madrid,La Liga,team,1967,1773,88.2,10517,93.5,8566,92.0,1723,66.4,54.6,52.2,60.4,28252,7662,12794,8048,1181,17893,50356,696,364,412,586,359,331,294,209,83,917,105,248,633,1160,30.53,860,92,70,39,15,137,3.61,98,9,11,10,8,1,16.34,6.03,36.9,0.11,0.3,75.3,0.11,2.7,3.5,1541,55.6,332,24221,22370,90,221,2,High-Tempo Elite Attack,12.441234922075097,1.6585434236262973
Real Sociedad,La Liga,team,1341,1087,79.3,6750,88.6,6360,85.6,1421,52.9,30.9,30.7,53.8,23027,7208,10770,5243,747,12533,34084,417,163,295,649,401,283,309,244,96,932,120,308,913,682,17.95,493,38,34,31,12,59,1.55,42,5,5,2,5,0,10.13,3.21,31.7,0.08,0.25,42.5,0.1,-8.5,-9.3,1569,48.8,501,18759,16761,33,146,3,Defensive Stability First,-2.2491988156949123,1.9788716495971195
Reims,Ligue 1,team,1156,861,79.8,5338,88.7,4868,86.5,1110,51.6,26.5,28.4,44.1,18663,6983,7699,4213,649,9968,30711,420,139,279,558,359,289,313,174,71,847,145,247,958,689,20.26,505,39,50,27,15,57,1.68,43,3,4,7,0,0,11.56,3.26,28.2,0.08,0.28,37.4,0.09,-5.4,-4.9,1407,46.8,392,14602,13035,38,94,4,Defensive Blockers,-4.540345685604041,-1.6035359014819108
Rennes,Ligue 1,team,1440,1083,82.3,6055,88.9,6276,87.9,1246,58.4,29.6,32.5,50.9,20688,6281,9624,4970,763,11438,31644,429,186,270,596,363,337,282,234,80,933,96,254,739,757,22.26,559,36,46,29,15,83,2.44,57,5,6,8,5,2,12.44,4.56,36.6,0.11,0.3,48.6,0.1,2.4,3.3,1458,53.0,445,16913,15272,37,120,9,Solid Mid-Block Teams,0.11822248826735866,-0.4084224175483177
Roma,Serie A,team,1501,1302,84.0,7364,90.5,7726,89.9,1535,57.4,35.0,32.8,53.9,24126,7151,11355,5819,861,14077,36058,579,162,210,551,328,282,233,236,82,833,110,219,746,934,24.58,695,34,67,47,10,95,2.5,67,3,4,11,8,2,13.53,4.26,31.5,0.09,0.29,53.0,0.09,2.0,0.3,1437,48.1,405,20265,18489,50,93,6,Efficient Attackers,2.9777433068682875,-1.5986733494205578
Saint-Étienne,Ligue 1,team,1262,1024,81.5,6224,90.0,5489,87.6,973,48.7,24.6,26.5,47.1,19848,6917,8493,4607,600,10318,26053,334,138,239,581,382,328,291,216,74,909,135,269,854,628,18.47,465,45,39,24,11,65,1.91,47,3,6,5,4,0,10.76,3.38,31.4,0.1,0.31,36.4,0.1,2.6,2.8,1428,47.0,449,15954,14389,51,48,4,Defensive Blockers,-3.7403165255098614,-1.2808353821557508
Sevilla,La Liga,team,1193,1072,79.9,6743,90.3,6146,86.7,1267,46.8,30.8,24.4,50.5,22465,8057,9800,4813,669,11147,29786,397,161,339,648,390,367,321,240,87,1015,88,280,931,824,21.68,600,60,51,31,13,71,1.87,59,4,3,4,1,0,12.42,3.89,31.4,0.08,0.25,42.7,0.09,-3.7,-3.3,1551,54.6,494,18057,16196,40,130,3,Defensive Stability First,-1.7316621165575934,2.447527183987814
Southampton,Premier League,team,1127,989,83.7,7279,91.0,6699,89.9,1175,51.7,24.8,23.9,48.5,22776,8424,9788,4766,688,12656,34286,460,165,312,652,378,305,310,266,76,957,201,232,988,616,16.21,427,51,46,28,8,42,1.11,23,5,3,9,1,1,8.97,2.79,31.1,0.07,0.24,32.7,0.09,-7.7,-5.9,1440,52.6,459,18561,16979,43,60,3,Defensive Stability First,-3.3756566710653555,0.3922022770974027
St. Pauli,Bundesliga,team,1073,892,76.8,5086,87.2,5248,84.5,1110,46.4,26.3,28.7,44.2,19141,6816,8232,4244,648,9105,22922,326,122,179,537,315,257,256,217,64,794,87,304,915,662,19.47,448,36,49,43,14,45,1.32,29,2,7,5,1,1,11.09,3.21,28.9,0.07,0.23,35.3,0.09,-9.3,-8.7,1350,44.8,353,15300,13659,31,60,0,Possession Builders,-5.87764645381831,-2.046664596321758
Strasbourg,Ligue 1,team,1204,896,84.0,6434,90.7,6989,89.2,998,53.0,38.5,32.5,50.1,21307,8555,9120,3825,614,12112,29750,365,170,282,537,335,282,256,213,68,819,111,265,899,622,18.29,456,41,34,25,16,93,2.74,71,6,3,6,5,2,10.41,4.12,39.5,0.15,0.37,49.3,0.14,4.7,4.3,1436,51.1,393,17462,15928,58,46,9,Solid Mid-Block Teams,-0.013060662170291882,-2.9972370389607117
Stuttgart,Bundesliga,team,1493,1291,83.5,8302,91.0,6590,88.1,1230,54.2,45.3,52.7,57.2,23545,6719,11421,5572,945,13416,32190,434,170,264,477,282,298,197,199,81,775,104,297,777,841,24.74,648,40,68,24,9,104,3.06,72,5,9,12,4,2,13.68,5.06,37.0,0.13,0.34,62.3,0.13,-1.3,1.3,1378,51.1,358,19767,18113,63,72,6,Efficient Attackers,4.467809278470755,-3.2926402135928243
Torino,Serie A,team,1113,980,79.8,5650,87.4,6225,87.6,1445,53.6,22.5,25.9,47.5,20697,6911,9482,4475,605,12098,31118,389,107,169,468,261,278,217,181,70,746,133,205,882,663,17.45,500,24,48,29,10,58,1.53,38,6,4,5,4,1,10.08,3.24,32.1,0.09,0.28,34.6,0.08,1.4,2.4,1296,48.8,483,17008,15278,26,83,4,Defensive Blockers,-3.5881039134088257,-5.188012936550973
Tottenham,Premier League,team,1593,1254,82.7,7576,89.8,7372,88.9,1101,52.8,44.4,36.3,54.7,24315,8159,10173,6223,1001,15073,41758,566,249,308,661,414,322,285,271,105,983,159,289,821,875,23.03,648,53,59,36,12,106,2.79,79,7,8,7,4,1,12.97,4.66,35.9,0.12,0.33,58.8,0.12,2.2,2.3,1659,49.1,446,19960,18013,54,70,8,High Work-Rate Creators,3.642527545068514,2.605748378379284
Toulouse,Ligue 1,team,1219,879,78.5,5182,87.0,5259,86.0,964,47.6,34.7,38.0,45.0,18606,6030,8440,4363,789,10414,26397,369,155,277,605,364,281,264,253,88,886,103,238,775,699,20.56,484,36,43,41,15,78,2.29,56,6,5,4,6,1,11.74,4.26,36.3,0.1,0.27,49.1,0.12,-7.1,-7.0,1531,49.0,441,14867,13229,44,95,4,Defensive Blockers,-2.6458379459592125,0.46851990464316057
Udinese,Serie A,team,1160,969,79.5,5322,88.3,5751,86.1,1552,56.2,27.2,24.8,47.2,20351,6993,9142,4451,694,11222,29910,424,127,281,562,346,302,276,217,69,864,139,257,909,757,19.92,557,31,52,31,19,61,1.61,33,4,5,14,3,2,11.32,3.61,31.9,0.09,0.28,38.2,0.08,2.8,4.0,1426,52.7,543,16279,14543,25,92,4,Defensive Blockers,-2.7566708085438854,-1.4846813864582735
Union Berlin,Bundesliga,team,1049,792,72.7,4467,84.3,3994,79.9,1156,48.2,23.5,31.6,40.0,17834,6285,7721,3997,688,8875,20269,252,107,172,537,318,312,266,223,48,849,110,299,1046,709,20.85,485,28,51,41,8,62,1.82,37,8,4,7,5,1,12.18,3.53,29.0,0.08,0.28,37.0,0.08,-1.0,-1.7,1368,49.2,419,13705,12135,16,53,0,Possession Builders,-6.899503293878336,-2.3944870933935842
Valencia,La Liga,team,1340,1109,78.7,6341,89.4,6081,86.1,1284,48.7,30.0,33.4,48.4,21876,7206,9840,5033,653,11347,30877,414,122,236,647,415,302,340,228,79,949,96,270,953,678,17.84,503,27,34,32,16,71,1.87,49,4,3,8,5,2,10.08,3.05,30.3,0.1,0.33,43.3,0.11,-0.3,-1.3,1550,45.4,442,17708,15738,38,128,3,Defensive Stability First,-2.6242592825329893,0.7796700965701165
Valladolid,La Liga,team,991,752,78.3,4795,87.9,5607,86.3,1410,52.2,25.7,24.3,42.8,19507,8158,8153,3393,523,9680,27524,316,120,289,596,357,311,342,204,50,907,160,290,944,601,15.82,425,48,21,36,8,42,1.11,30,0,6,1,5,0,8.71,2.55,29.3,0.06,0.22,34.6,0.09,-8.6,-9.7,1355,50.9,459,15387,13486,37,126,0,Possession Builders,-6.975571137990645,-0.560887860701848
Venezia,Serie A,team,1066,813,76.4,5144,86.1,5103,84.0,1002,45.2,22.2,22.3,45.1,19451,7044,8341,4288,633,10476,28256,383,124,248,605,361,279,319,202,84,884,145,294,921,685,18.03,491,37,36,45,9,49,1.29,26,5,3,8,7,0,10.03,3.16,31.5,0.07,0.23,35.8,0.09,-4.8,-5.0,1450,43.9,503,15155,13224,35,87,0,Possession Builders,-6.2570653797640645,-0.09850185776291354
Villarreal,La Liga,team,1522,1146,81.5,6234,89.3,6564,87.7,1463,57.2,49.7,48.0,47.6,22112,7831,9120,5352,983,12034,34540,503,202,279,649,396,281,333,236,80,930,131,295,922,962,25.32,729,41,59,35,16,124,3.26,101,4,4,8,6,1,13.95,4.5,32.3,0.12,0.37,64.8,0.12,4.2,4.9,1547,55.2,442,17825,16035,78,124,8,High Work-Rate Creators,3.2250934835008223,1.1390477181735845
Werder Bremen,Bundesliga,team,1351,954,79.8,5827,87.5,6247,86.0,1455,57.5,37.4,44.0,50.0,21493,7701,9226,4721,818,12439,27735,347,126,195,551,321,315,245,240,66,866,144,310,851,772,22.71,584,26,49,39,10,94,2.76,75,4,1,6,6,2,12.47,4.06,32.5,0.12,0.36,49.1,0.11,3.9,4.3,1453,50.2,335,17550,15860,57,87,9,Solid Mid-Block Teams,-0.31493365499825343,-2.1250971840760084
West Ham,Premier League,team,1222,1075,80.7,6989,89.2,6245,87.3,1346,52.2,33.9,32.0,48.4,22887,8352,9852,4896,839,11796,29684,394,175,347,654,388,331,317,253,84,985,169,271,1037,815,21.45,582,48,65,34,17,67,1.76,42,5,3,13,3,1,12.45,3.61,29.0,0.08,0.29,47.0,0.1,-4.0,-4.7,1558,51.2,443,18363,16678,53,133,3,Defensive Stability First,-1.0150236786790983,2.16298934314992
Wolfsburg,Bundesliga,team,1205,999,76.8,4735,84.6,5178,85.7,1421,53.3,33.0,36.5,46.1,19121,6603,8190,4491,725,10180,23417,338,131,209,491,301,312,257,175,59,803,133,302,977,754,22.18,528,35,54,45,12,95,2.79,57,11,5,11,9,2,12.71,4.03,31.7,0.11,0.36,47.5,0.1,5.5,5.6,1344,48.0,350,15088,13434,46,120,9,Solid Mid-Block Teams,-2.128845899686554,-3.7163148346041037
Wolves,Premier League,team,1185,1011,80.9,6855,90.1,5909,88.0,1251,50.0,35.4,26.6,48.1,22329,7797,10051,4750,729,12486,34365,458,146,324,801,471,298,412,305,84,1099,137,300,947,756,19.89,547,58,36,34,24,96,2.53,77,5,7,1,2,4,11.34,4.08,36.0,0.12,0.34,43.7,0.1,9.3,9.3,1659,48.7,480,17884,16133,55,122,3,Defensive Stability First,-0.5336376150734633,4.632504493498313
