"Season_End_Year","Squad","Comp","Team_or_Opponent","Num_Players","Mins_Per_90","Cmp_Total","Att_Total","Cmp_percent_Total","TotDist_Total","PrgDist_Total","Cmp_Short","Att_Short","Cmp_percent_Short","Cmp_Medium","Att_Medium","Cmp_percent_Medium","Cmp_Long","Att_Long","Cmp_percent_Long","Ast","xAG","xA_Expected","A_minus_xAG_Expected","KP","Final_Third","PPA","CrsPA","PrgP","Url"
2025,"Alavés","La Liga","team",29,38,10534,14746,71.4,199550,84871,4546,5494,82.7,4441,5542,80.1,1312,2838,46.2,20,25.4,25.9,-5.4,284,963,229,99,1160,"https://fbref.com/en/squads/8d6fd021/2024-2025/Alaves-Stats"
2025,"Alavés","La Liga","opponent",29,38,14251,18138,78.6,260653,94982,6140,6970,88.1,6230,7338,84.9,1563,2925,53.4,28,33.3,32.3,-5.3,306,1034,245,97,1323,"https://fbref.com/en/squads/8d6fd021/2024-2025/Alaves-Stats"
2025,"Angers","Ligue 1","team",30,34,11082,14057,78.8,195284,73447,4970,5624,88.4,4828,5656,85.4,1022,2043,50,17,23.5,22.7,-6.5,216,777,200,63,953,"https://fbref.com/en/squads/69236f98/2024-2025/Angers-Stats"
2025,"Angers","Ligue 1","opponent",30,34,17341,20419,84.9,292009,95868,8061,8942,90.1,7513,8436,89.1,1314,2102,62.5,40,42.2,46.5,-2.2,365,1390,352,77,1776,"https://fbref.com/en/squads/69236f98/2024-2025/Angers-Stats"
2025,"Arsenal","Premier League","team",25,38,17066,20241,84.3,278808,87055,8591,9363,91.8,7129,7999,89.1,1031,2022,51,55,45.3,45.7,9.7,428,1397,437,75,1826,"https://fbref.com/en/squads/18bb7c10/2024-2025/Arsenal-Stats"
2025,"Arsenal","Premier League","opponent",25,38,12192,15255,79.9,214595,73593,5573,6249,89.2,5271,6035,87.3,1095,2295,47.7,24,24.5,24.6,-0.5,263,905,197,60,938,"https://fbref.com/en/squads/18bb7c10/2024-2025/Arsenal-Stats"
2025,"Aston Villa","Premier League","team",28,38,14701,17797,82.6,252637,88182,6778,7510,90.3,6555,7386,88.7,1088,2065,52.7,45,41.7,36.9,3.3,358,1137,319,56,1344,"https://fbref.com/en/squads/8602292d/2024-2025/Aston-Villa-Stats"
2025,"Aston Villa","Premier League","opponent",28,38,14438,17377,83.1,249107,83992,6870,7487,91.8,5962,6755,88.3,1278,2286,55.9,36,36.4,35.8,-0.4,336,1189,295,81,1315,"https://fbref.com/en/squads/8602292d/2024-2025/Aston-Villa-Stats"
2025,"Atalanta","Serie A","team",32,38,17454,20998,83.1,304878,97688,7796,8669,89.9,7832,8892,88.1,1506,2528,59.6,54,46.9,46.4,7.1,425,1382,395,113,1824,"https://fbref.com/en/squads/922493f3/2024-2025/Atalanta-Stats"
2025,"Atalanta","Serie A","opponent",32,38,13516,16956,79.7,242842,92365,5825,6592,88.4,6097,6980,87.3,1293,2541,50.9,26,27.5,23.7,-1.5,282,897,199,60,988,"https://fbref.com/en/squads/922493f3/2024-2025/Atalanta-Stats"
2025,"Athletic Club","La Liga","team",31,38,13665,17375,78.6,253362,90647,5552,6396,86.8,6520,7522,86.7,1395,2733,51,40,36.7,33.1,3.3,351,1283,274,90,1579,"https://fbref.com/en/squads/2b390eca/2024-2025/Athletic-Club-Stats"
2025,"Athletic Club","La Liga","opponent",31,38,14953,18891,79.2,269493,95206,6402,7284,87.9,6730,7799,86.3,1481,2854,51.9,11,22.9,21.5,-11.9,242,911,205,69,1177,"https://fbref.com/en/squads/2b390eca/2024-2025/Athletic-Club-Stats"
2025,"Atlético Madrid","La Liga","team",24,38,17826,21418,83.2,295213,100382,8814,9752,90.4,6993,7984,87.6,1486,2519,59,51,47.9,45.3,3.1,348,1233,365,96,1559,"https://fbref.com/en/squads/db3b9613/2024-2025/Atletico-Madrid-Stats"
2025,"Atlético Madrid","La Liga","opponent",24,38,16246,19538,83.2,291315,95937,7097,7859,90.3,7307,8119,90,1542,2749,56.1,17,23.9,29.8,-6.9,286,1462,282,84,1543,"https://fbref.com/en/squads/db3b9613/2024-2025/Atletico-Madrid-Stats"
2025,"Augsburg","Bundesliga","team",29,34,11577,14936,77.5,213228,82617,4900,5714,85.8,5187,6033,86,1267,2377,53.3,26,25.1,33.1,0.9,296,905,248,77,1162,"https://fbref.com/en/squads/0cdc4311/2024-2025/Augsburg-Stats"
2025,"Augsburg","Bundesliga","opponent",29,34,15484,19055,81.3,271400,94371,7005,7819,89.6,6730,7782,86.5,1435,2550,56.3,31,35,41.4,-4,339,1201,323,95,1438,"https://fbref.com/en/squads/0cdc4311/2024-2025/Augsburg-Stats"
2025,"Auxerre","Ligue 1","team",29,34,11002,14162,77.7,201495,77527,4812,5517,87.2,4576,5349,85.5,1301,2498,52.1,35,32,24.3,3,296,804,212,68,1084,"https://fbref.com/en/squads/5ae09109/2024-2025/Auxerre-Stats"
2025,"Auxerre","Ligue 1","opponent",29,34,15891,19181,82.8,270706,93956,7333,8152,90,7068,7979,88.6,1159,2173,53.3,36,43.9,43.8,-7.9,348,1272,301,79,1522,"https://fbref.com/en/squads/5ae09109/2024-2025/Auxerre-Stats"
2025,"Barcelona","La Liga","team",28,38,22321,25721,86.8,371914,116385,10452,11341,92.2,9674,10643,90.9,1577,2424,65.1,72,67.5,64.7,4.5,500,2020,479,77,2212,"https://fbref.com/en/squads/206d90db/2024-2025/Barcelona-Stats"
2025,"Barcelona","La Liga","opponent",28,38,8511,11890,71.6,161116,69199,3752,4435,84.6,3313,4086,81.1,1208,2491,48.5,31,32.6,21.8,-1.6,222,595,166,59,780,"https://fbref.com/en/squads/206d90db/2024-2025/Barcelona-Stats"
2025,"Bayern Munich","Bundesliga","team",29,34,22755,25733,88.4,376161,117553,11338,12153,93.3,9489,10320,91.9,1548,2329,66.5,66,59.7,75.9,6.3,511,2131,464,67,2138,"https://fbref.com/en/squads/054efa67/2024-2025/Bayern-Munich-Stats"
2025,"Bayern Munich","Bundesliga","opponent",29,34,9140,12083,75.6,168971,67192,3892,4478,86.9,3959,4689,84.4,1027,2206,46.6,25,18.1,20.4,6.9,174,579,156,36,669,"https://fbref.com/en/squads/054efa67/2024-2025/Bayern-Munich-Stats"
2025,"Betis","La Liga","team",36,38,15770,19284,81.8,264738,91436,7583,8423,90,6318,7291,86.7,1341,2443,54.9,37,37.5,34.8,-0.5,417,1127,329,75,1486,"https://fbref.com/en/squads/fc536746/2024-2025/Real-Betis-Stats"
2025,"Betis","La Liga","opponent",36,38,13910,17627,78.9,246914,92271,6224,7089,87.8,6031,7022,85.9,1341,2578,52,32,38.4,32.4,-6.4,309,1110,251,69,1411,"https://fbref.com/en/squads/fc536746/2024-2025/Real-Betis-Stats"
2025,"Bochum","Bundesliga","team",27,34,10281,14230,72.2,202499,85811,3889,4696,82.8,4761,5852,81.4,1433,2841,50.4,23,30,35.5,-7,308,865,235,76,1090,"https://fbref.com/en/squads/b42c6323/2024-2025/Bochum-Stats"
2025,"Bochum","Bundesliga","opponent",27,34,14057,17796,79,246536,93752,6403,7293,87.8,5999,7045,85.2,1331,2488,53.5,52,49.1,49.6,2.9,374,1121,304,62,1447,"https://fbref.com/en/squads/b42c6323/2024-2025/Bochum-Stats"
2025,"Bologna","Serie A","team",30,38,15681,19336,81.1,295869,97686,6113,6881,88.8,7530,8561,88,1765,3072,57.5,43,35.2,30.7,7.8,384,1351,293,109,1468,"https://fbref.com/en/squads/1d8099f8/2024-2025/Bologna-Stats"
2025,"Bologna","Serie A","opponent",30,38,10464,14028,74.6,193512,77127,4277,5049,84.7,4732,5601,84.5,1160,2491,46.6,32,25.4,22.5,6.6,249,646,166,36,876,"https://fbref.com/en/squads/1d8099f8/2024-2025/Bologna-Stats"
2025,"Bournemouth","Premier League","team",29,38,12977,16900,76.8,233955,86767,5648,6514,86.7,5659,6670,84.8,1365,2819,48.4,41,43.8,36.5,-2.8,437,1242,339,106,1489,"https://fbref.com/en/squads/4ba7cbea/2024-2025/Bournemouth-Stats"
2025,"Bournemouth","Premier League","opponent",29,38,14072,18037,78,239562,94618,6832,7804,87.5,5701,6768,84.2,1179,2500,47.2,36,36.5,36.3,-0.5,369,1012,334,66,1295,"https://fbref.com/en/squads/4ba7cbea/2024-2025/Bournemouth-Stats"
2025,"Brentford","Premier League","team",28,38,13358,17100,78.1,245539,93263,5849,6739,86.8,5826,6875,84.7,1449,2741,52.9,44,42.4,38.1,1.6,330,1104,325,91,1356,"https://fbref.com/en/squads/cd051869/2024-2025/Brentford-Stats"
2025,"Brentford","Premier League","opponent",28,38,15047,18708,80.4,255472,89605,7373,8191,90,6137,7122,86.2,1248,2566,48.6,42,43.3,41.8,-1.3,501,1279,430,92,1562,"https://fbref.com/en/squads/cd051869/2024-2025/Brentford-Stats"
2025,"Brest","Ligue 1","team",30,34,12678,16021,79.1,235901,85305,5284,6055,87.3,5575,6467,86.2,1526,2732,55.9,32,29.4,30.3,2.6,302,929,189,64,1096,"https://fbref.com/en/squads/fb08dbb3/2024-2025/Brest-Stats"
2025,"Brest","Ligue 1","opponent",30,34,14071,17260,81.5,249498,90246,6084,6890,88.3,6299,7130,88.3,1345,2330,57.7,39,38.5,37.2,0.5,309,1098,310,72,1521,"https://fbref.com/en/squads/fb08dbb3/2024-2025/Brest-Stats"
2025,"Brighton","Premier League","team",32,38,15820,19188,82.4,268916,90984,7629,8443,90.4,6541,7472,87.5,1313,2397,54.8,41,40.4,39.1,0.6,377,1189,339,87,1539,"https://fbref.com/en/squads/d07537b9/2024-2025/Brighton-and-Hove-Albion-Stats"
2025,"Brighton","Premier League","opponent",32,38,14240,17647,80.7,253402,87854,6260,6967,89.9,6537,7370,88.7,1220,2475,49.3,39,41.3,30.2,-2.3,333,1004,248,44,1209,"https://fbref.com/en/squads/d07537b9/2024-2025/Brighton-and-Hove-Albion-Stats"
2025,"Cagliari","Serie A","team",28,38,12092,15802,76.5,219114,88994,5258,6076,86.5,5403,6411,84.3,1218,2515,48.4,31,32,29.3,-1,301,907,234,89,1150,"https://fbref.com/en/squads/c4260e09/2024-2025/Cagliari-Stats"
2025,"Cagliari","Serie A","opponent",28,38,16100,19649,81.9,279075,98240,7324,8136,90,7025,8006,87.7,1399,2631,53.2,40,40.2,34.3,-0.2,383,1228,315,90,1504,"https://fbref.com/en/squads/c4260e09/2024-2025/Cagliari-Stats"
2025,"Celta Vigo","La Liga","team",30,38,17798,21253,83.7,312877,104182,7549,8367,90.2,8368,9325,89.7,1480,2521,58.7,40,38.4,36.9,1.6,339,1424,300,53,1659,"https://fbref.com/en/squads/f25da7fb/2024-2025/Celta-Vigo-Stats"
2025,"Celta Vigo","La Liga","opponent",30,38,14946,18445,81,266539,89590,6617,7382,89.6,6584,7411,88.8,1433,2809,51,45,33.3,31.9,11.7,308,1103,243,85,1222,"https://fbref.com/en/squads/f25da7fb/2024-2025/Celta-Vigo-Stats"
2025,"Chelsea","Premier League","team",29,38,18033,21320,84.6,311166,98339,8067,8802,91.6,8244,9120,90.4,1369,2547,53.7,47,52.7,41.8,-5.7,457,1488,346,73,1595,"https://fbref.com/en/squads/cff3d9bb/2024-2025/Chelsea-Stats"
2025,"Chelsea","Premier League","opponent",29,38,13008,16240,80.1,225986,83133,6079,6788,89.6,5545,6338,87.5,1116,2317,48.2,33,35.3,29.4,-2.3,283,929,255,62,1206,"https://fbref.com/en/squads/cff3d9bb/2024-2025/Chelsea-Stats"
2025,"Como","Serie A","team",38,38,15917,19183,83,268133,95134,7607,8351,91.1,6561,7392,88.8,1286,2359,54.5,39,36.6,30.8,2.4,405,1150,279,60,1377,"https://fbref.com/en/squads/28c9c3cd/2024-2025/Como-Stats"
2025,"Como","Serie A","opponent",38,38,12785,16090,79.5,236912,83289,5140,5832,88.1,5950,6818,87.3,1418,2626,54,35,28.9,25.1,6.1,270,885,217,61,1116,"https://fbref.com/en/squads/28c9c3cd/2024-2025/Como-Stats"
2025,"Crystal Palace","Premier League","team",29,38,11875,15754,75.4,213257,80237,5198,6077,85.5,5285,6317,83.7,1137,2545,44.7,38,46.4,36.6,-8.4,379,886,272,69,1158,"https://fbref.com/en/squads/47c64c55/2024-2025/Crystal-Palace-Stats"
2025,"Crystal Palace","Premier League","opponent",29,38,17325,21227,81.6,304572,101974,7542,8554,88.2,7895,8939,88.3,1520,2707,56.2,39,38.5,34.4,0.5,373,1360,301,73,1578,"https://fbref.com/en/squads/47c64c55/2024-2025/Crystal-Palace-Stats"
2025,"Dortmund","Bundesliga","team",28,34,17077,20321,84,295202,98274,7783,8536,91.2,7542,8376,90,1403,2463,57,56,47.4,50.4,8.6,372,1348,324,86,1563,"https://fbref.com/en/squads/add600ae/2024-2025/Dortmund-Stats"
2025,"Dortmund","Bundesliga","opponent",28,34,10934,14210,76.9,194402,77129,4948,5650,87.6,4591,5486,83.7,1108,2219,49.9,39,30.9,35.6,8.1,275,780,265,75,1058,"https://fbref.com/en/squads/add600ae/2024-2025/Dortmund-Stats"
2025,"Eint Frankfurt","Bundesliga","team",26,34,13925,17138,81.3,233650,85985,6627,7329,90.4,5810,6682,87,1094,2198,49.8,47,45.2,43.6,1.8,354,1033,308,55,1347,"https://fbref.com/en/squads/f0ac8ee6/2024-2025/Eintracht-Frankfurt-Stats"
2025,"Eint Frankfurt","Bundesliga","opponent",26,34,14160,17664,80.2,247774,90416,6684,7472,89.5,5871,6806,86.3,1328,2508,53,28,35.6,40,-7.6,348,1198,291,87,1289,"https://fbref.com/en/squads/f0ac8ee6/2024-2025/Eintracht-Frankfurt-Stats"
2025,"Empoli","Serie A","team",34,38,10093,13916,72.5,186741,74734,4015,4844,82.9,4558,5549,82.1,1180,2624,45,21,22.9,19.4,-1.9,269,799,214,71,1013,"https://fbref.com/en/squads/a3d88bd8/2024-2025/Empoli-Stats"
2025,"Empoli","Serie A","opponent",34,38,16105,19935,80.8,292165,101211,6767,7646,88.5,7254,8317,87.2,1703,3016,56.5,48,37.2,33.4,10.8,391,1191,305,101,1402,"https://fbref.com/en/squads/a3d88bd8/2024-2025/Empoli-Stats"
2025,"Espanyol","La Liga","team",27,38,10580,13996,75.6,199624,80026,4245,4942,85.9,4814,5678,84.8,1297,2629,49.3,27,24.5,23.4,2.5,256,772,204,81,1000,"https://fbref.com/en/squads/a8661628/2024-2025/Espanyol-Stats"
2025,"Espanyol","La Liga","opponent",27,38,17987,21580,83.4,311271,106771,8341,9165,91,7778,8804,88.3,1534,2689,57,39,39.6,41.3,-0.6,431,1501,381,103,1821,"https://fbref.com/en/squads/a8661628/2024-2025/Espanyol-Stats"
2025,"Everton","Premier League","team",26,38,11405,14953,76.3,215027,85013,5039,5809,86.7,4604,5451,84.5,1526,2901,52.6,27,32.2,27.2,-5.2,298,1003,261,92,1041,"https://fbref.com/en/squads/d3fd31cc/2024-2025/Everton-Stats"
2025,"Everton","Premier League","opponent",26,38,17944,21623,83,306074,100829,8349,9200,90.8,7862,8874,88.6,1365,2627,52,35,34.6,34.2,0.4,361,1368,331,76,1627,"https://fbref.com/en/squads/d3fd31cc/2024-2025/Everton-Stats"
2025,"Fiorentina","Serie A","team",34,38,14193,17510,81.1,262148,91970,5771,6478,89.1,6566,7504,87.5,1565,2733,57.3,39,35.1,27.4,3.9,336,984,244,74,1240,"https://fbref.com/en/squads/421387cf/2024-2025/Fiorentina-Stats"
2025,"Fiorentina","Serie A","opponent",34,38,13849,17215,80.4,246433,87199,6068,6877,88.2,6133,7047,87,1359,2527,53.8,29,30.5,30.2,-1.5,340,1034,256,89,1277,"https://fbref.com/en/squads/421387cf/2024-2025/Fiorentina-Stats"
2025,"Freiburg","Bundesliga","team",26,34,12892,16460,78.3,230139,83746,5552,6386,86.9,5789,6731,86,1209,2417,50,35,30.5,36.3,4.5,285,981,253,74,1129,"https://fbref.com/en/squads/a486e511/2024-2025/Freiburg-Stats"
2025,"Freiburg","Bundesliga","opponent",26,34,14111,17514,80.6,250870,92325,6283,7139,88,6186,7067,87.5,1336,2445,54.6,39,30.7,36.4,8.3,314,1060,288,82,1182,"https://fbref.com/en/squads/a486e511/2024-2025/Freiburg-Stats"
2025,"Fulham","Premier League","team",26,38,16199,19753,82,289508,97635,7195,8007,89.9,7222,8198,88.1,1504,2703,55.6,44,37.5,35,6.5,398,1346,343,108,1558,"https://fbref.com/en/squads/fd962109/2024-2025/Fulham-Stats"
2025,"Fulham","Premier League","opponent",26,38,14692,18069,81.3,250460,87331,6948,7706,90.2,6126,7060,86.8,1212,2371,51.1,40,34.4,30,5.6,304,1144,279,65,1396,"https://fbref.com/en/squads/fd962109/2024-2025/Fulham-Stats"
2025,"Genoa","Serie A","team",37,38,12025,15727,76.5,221047,81991,4811,5621,85.6,5664,6683,84.8,1243,2515,49.4,27,26.8,22.6,0.2,285,737,201,78,980,"https://fbref.com/en/squads/658bf2de/2024-2025/Genoa-Stats"
2025,"Genoa","Serie A","opponent",37,38,15111,18823,80.3,272067,92356,6398,7265,88.1,6966,7986,87.2,1456,2682,54.3,31,33.9,33.2,-2.9,370,1084,314,79,1375,"https://fbref.com/en/squads/658bf2de/2024-2025/Genoa-Stats"
2025,"Getafe","La Liga","team",30,38,8695,12922,67.3,169125,74933,3711,4579,81,3515,4628,76,1250,2951,42.4,21,23.9,23.8,-2.9,296,958,226,104,981,"https://fbref.com/en/squads/7848bd64/2024-2025/Getafe-Stats"
2025,"Getafe","La Liga","opponent",30,38,13966,18284,76.4,250679,92537,6043,6962,86.8,6205,7399,83.9,1371,2889,47.5,21,31.3,28,-10.3,259,997,227,66,1284,"https://fbref.com/en/squads/7848bd64/2024-2025/Getafe-Stats"
2025,"Girona","La Liga","team",30,38,18273,21401,85.4,322614,100730,8002,8697,92,8458,9319,90.8,1526,2565,59.5,31,31.6,37.4,-0.6,308,1494,302,87,1691,"https://fbref.com/en/squads/9024a00a/2024-2025/Girona-Stats"
2025,"Girona","La Liga","opponent",30,38,13798,16818,82,243267,83228,6108,6712,91,6052,6873,88.1,1281,2411,53.1,46,36.5,33.6,9.5,348,1070,254,74,1183,"https://fbref.com/en/squads/9024a00a/2024-2025/Girona-Stats"
2025,"Gladbach","Bundesliga","team",26,34,14148,17507,80.8,245327,87390,6502,7257,89.6,6076,7009,86.7,1261,2322,54.3,39,37.7,34.9,1.3,308,848,278,93,1112,"https://fbref.com/en/squads/32f3ee20/2024-2025/Monchengladbach-Stats"
2025,"Gladbach","Bundesliga","opponent",26,34,14473,17850,81.1,249718,89898,6579,7410,88.8,6307,7286,86.6,1235,2247,55,34,45.2,51.9,-11.2,437,1151,373,113,1520,"https://fbref.com/en/squads/32f3ee20/2024-2025/Monchengladbach-Stats"
2025,"Heidenheim","Bundesliga","team",27,34,11127,14684,75.8,215269,83343,4145,4986,83.1,5303,6225,85.2,1428,2682,53.2,26,28.6,31.4,-2.6,294,806,231,84,974,"https://fbref.com/en/squads/18d9d2a7/2024-2025/Heidenheim-Stats"
2025,"Heidenheim","Bundesliga","opponent",27,34,15818,19390,81.6,273427,102087,7266,8148,89.2,6849,7849,87.3,1348,2454,54.9,50,43.1,46.5,6.9,350,1319,303,58,1620,"https://fbref.com/en/squads/18d9d2a7/2024-2025/Heidenheim-Stats"
2025,"Hellas Verona","Serie A","team",32,38,9854,13457,73.2,178691,69540,4411,5150,85.7,4092,4944,82.8,1079,2569,42,20,24.8,20.6,-4.8,276,824,189,61,1011,"https://fbref.com/en/squads/0e72edf2/2024-2025/Hellas-Verona-Stats"
2025,"Hellas Verona","Serie A","opponent",32,38,17933,21566,83.2,318278,105498,7656,8526,89.8,8215,9257,88.7,1657,2784,59.5,48,39.1,32.9,8.9,371,1306,287,69,1593,"https://fbref.com/en/squads/0e72edf2/2024-2025/Hellas-Verona-Stats"
2025,"Hoffenheim","Bundesliga","team",35,34,12827,16506,77.7,225491,85704,5746,6593,87.2,5461,6522,83.7,1221,2444,50,30,32.7,38.9,-2.7,324,1041,298,108,1218,"https://fbref.com/en/squads/033ea6b8/2024-2025/Hoffenheim-Stats"
2025,"Hoffenheim","Bundesliga","opponent",35,34,14007,17470,80.2,249473,93244,6350,7134,89,5860,6816,86,1479,2601,56.9,51,41.4,48.9,9.6,356,1178,338,89,1347,"https://fbref.com/en/squads/033ea6b8/2024-2025/Hoffenheim-Stats"
2025,"Holstein Kiel","Bundesliga","team",27,34,10537,13961,75.5,201828,79435,4072,4768,85.4,5038,5991,84.1,1261,2558,49.3,29,26.7,27.8,2.3,266,676,181,69,875,"https://fbref.com/en/squads/2ac661d9/2024-2025/Holstein-Kiel-Stats"
2025,"Holstein Kiel","Bundesliga","opponent",27,34,14775,18342,80.6,260356,92440,6586,7379,89.3,6421,7467,86,1395,2553,54.6,52,44.5,53.6,7.5,418,1350,360,126,1572,"https://fbref.com/en/squads/2ac661d9/2024-2025/Holstein-Kiel-Stats"
2025,"Inter","Serie A","team",26,38,19412,22592,85.9,343835,107852,8329,9108,91.4,8987,9926,90.5,1751,2661,65.8,57,48.3,49,8.7,434,1353,410,119,1730,"https://fbref.com/en/squads/d609edc0/2024-2025/Internazionale-Stats"
2025,"Inter","Serie A","opponent",26,38,12179,15118,80.6,219392,76932,5411,6058,89.3,5149,5932,86.8,1335,2386,56,22,25.5,24.2,-3.5,303,868,214,77,1064,"https://fbref.com/en/squads/d609edc0/2024-2025/Internazionale-Stats"
2025,"Ipswich Town","Premier League","team",32,38,11524,14775,78,204832,77912,5157,5835,88.4,5115,5988,85.4,1021,2184,46.7,26,24.2,21.2,1.8,283,865,173,54,935,"https://fbref.com/en/squads/b74092de/2024-2025/Ipswich-Town-Stats"
2025,"Ipswich Town","Premier League","opponent",32,38,18380,21940,83.8,312842,97353,8645,9483,91.2,8006,8968,89.3,1365,2612,52.3,55,53.5,47.9,1.5,456,1449,417,97,1726,"https://fbref.com/en/squads/b74092de/2024-2025/Ipswich-Town-Stats"
2025,"Juventus","Serie A","team",29,38,18259,21231,86,316000,98768,8378,9109,92,8078,8869,91.1,1473,2432,60.6,40,35.9,33.2,4.1,393,1390,305,67,1561,"https://fbref.com/en/squads/e0652b02/2024-2025/Juventus-Stats"
2025,"Juventus","Serie A","opponent",29,38,12602,15648,80.5,231595,80304,5176,5826,88.8,5815,6627,87.7,1323,2389,55.4,22,21.4,24,0.6,284,914,198,63,1097,"https://fbref.com/en/squads/e0652b02/2024-2025/Juventus-Stats"
2025,"Las Palmas","La Liga","team",34,38,14352,18209,78.8,254010,92291,6396,7255,88.2,6214,7269,85.5,1395,2776,50.3,27,26.3,26.5,0.7,304,1059,246,79,1210,"https://fbref.com/en/squads/0049d422/2024-2025/Las-Palmas-Stats"
2025,"Las Palmas","La Liga","opponent",34,38,14104,17854,79,247245,90659,6398,7238,88.4,6069,7135,85.1,1278,2493,51.3,43,47.5,42.7,-4.5,387,1190,306,96,1470,"https://fbref.com/en/squads/0049d422/2024-2025/Las-Palmas-Stats"
2025,"Lazio","Serie A","team",27,38,16400,19521,84,296409,96569,6959,7646,91,7447,8298,89.7,1670,2729,61.2,43,38.5,34.7,4.5,403,1374,323,102,1588,"https://fbref.com/en/squads/7213da33/2024-2025/Lazio-Stats"
2025,"Lazio","Serie A","opponent",27,38,13007,16062,81,237192,83373,5396,6106,88.4,6085,6918,88,1257,2284,55,34,28.2,25.7,5.8,281,931,242,100,1133,"https://fbref.com/en/squads/7213da33/2024-2025/Lazio-Stats"
2025,"Le Havre","Ligue 1","team",31,34,11125,14115,78.8,205190,72072,4445,5095,87.2,5289,6120,86.4,1156,2182,53,21,24.4,25.8,-3.4,230,786,201,85,1051,"https://fbref.com/en/squads/5c2737db/2024-2025/Le-Havre-Stats"
2025,"Le Havre","Ligue 1","opponent",31,34,15963,18901,84.5,276027,91610,7062,7824,90.3,7334,8131,90.2,1227,2109,58.2,50,45.3,42.8,4.7,356,1381,332,81,1639,"https://fbref.com/en/squads/5c2737db/2024-2025/Le-Havre-Stats"
2025,"Lecce","Serie A","team",31,38,11490,15087,76.2,215443,81823,4757,5501,86.5,5029,5971,84.2,1465,2862,51.2,21,24.5,20.5,-3.5,322,852,222,93,1071,"https://fbref.com/en/squads/ffcbe334/2024-2025/Lecce-Stats"
2025,"Lecce","Serie A","opponent",31,38,15740,19450,80.9,275687,94151,7020,7850,89.4,6974,8018,87,1395,2590,53.9,37,37.8,37.1,-0.8,386,1317,358,107,1685,"https://fbref.com/en/squads/ffcbe334/2024-2025/Lecce-Stats"
2025,"Leganés","La Liga","team",26,38,11207,14840,75.5,201808,76373,5038,5734,87.9,4716,5600,84.2,1169,2735,42.7,27,23.3,21.8,3.7,241,796,187,45,1030,"https://fbref.com/en/squads/7c6f2c78/2024-2025/Leganes-Stats"
2025,"Leganés","La Liga","opponent",26,38,16312,20203,80.7,281718,102752,7566,8514,88.9,6971,8047,86.6,1403,2710,51.8,34,40.9,42.8,-6.9,426,1363,325,109,1675,"https://fbref.com/en/squads/7c6f2c78/2024-2025/Leganes-Stats"
2025,"Leicester City","Premier League","team",32,38,13945,17486,79.7,234016,83996,6703,7482,89.6,5797,6664,87,1073,2370,45.3,25,25.1,24.1,-0.1,252,953,216,67,1082,"https://fbref.com/en/squads/a2d435b3/2024-2025/Leicester-City-Stats"
2025,"Leicester City","Premier League","opponent",32,38,17576,21079,83.4,302665,99007,8208,9124,90,7627,8620,88.5,1431,2419,59.2,57,52.2,51.2,4.8,490,1418,435,109,1755,"https://fbref.com/en/squads/a2d435b3/2024-2025/Leicester-City-Stats"
2025,"Lens","Ligue 1","team",33,34,14837,18173,81.6,244876,87655,7330,8209,89.3,5806,6685,86.9,1219,2163,56.4,26,36.2,41.1,-10.2,365,1117,354,100,1451,"https://fbref.com/en/squads/fd4e0f7d/2024-2025/Lens-Stats"
2025,"Lens","Ligue 1","opponent",33,34,12550,15716,79.9,215114,78352,5800,6604,87.8,5360,6157,87.1,1062,2124,50,25,29.7,29,-4.7,279,886,237,55,1095,"https://fbref.com/en/squads/fd4e0f7d/2024-2025/Lens-Stats"
2025,"Leverkusen","Bundesliga","team",23,34,18301,21589,84.8,299589,100139,9397,10227,91.9,7044,7969,88.4,1397,2377,58.8,53,41.9,52.1,11.1,387,1610,319,83,1692,"https://fbref.com/en/squads/c7a9f859/2024-2025/Bayer-Leverkusen-Stats"
2025,"Leverkusen","Bundesliga","opponent",23,34,11597,14768,78.5,202155,74281,5341,6051,88.3,4827,5642,85.6,1109,2247,49.4,25,22.8,28.3,2.2,241,862,203,46,984,"https://fbref.com/en/squads/c7a9f859/2024-2025/Bayer-Leverkusen-Stats"
2025,"Lille","Ligue 1","team",27,34,16765,19728,85,293593,93730,7248,8031,90.3,7757,8568,90.5,1382,2203,62.7,29,35.1,40,-6.1,318,1393,345,70,1616,"https://fbref.com/en/squads/cb188c0c/2024-2025/Lille-Stats"
2025,"Lille","Ligue 1","opponent",27,34,11769,14644,80.4,209391,72017,5204,5852,88.9,5188,5921,87.6,1116,2179,51.2,23,29,29.5,-6,245,696,184,48,945,"https://fbref.com/en/squads/cb188c0c/2024-2025/Lille-Stats"
2025,"Liverpool","Premier League","team",24,38,18303,21758,84.1,312343,104887,8615,9382,91.8,7893,8905,88.6,1412,2550,55.4,65,61.6,54.3,3.4,509,1583,430,83,1924,"https://fbref.com/en/squads/822bd0ba/2024-2025/Liverpool-Stats"
2025,"Liverpool","Premier League","opponent",24,38,12622,15957,79.1,216073,79156,5991,6722,89.1,5211,6052,86.1,1078,2250,47.9,28,29.4,25.2,-1.4,283,842,210,49,1091,"https://fbref.com/en/squads/822bd0ba/2024-2025/Liverpool-Stats"
2025,"Lyon","Ligue 1","team",31,34,16061,19063,84.3,263677,88666,7944,8738,90.9,6605,7372,89.6,1102,1978,55.7,46,44.4,52.5,1.6,350,1215,371,58,1615,"https://fbref.com/en/squads/d53c0b06/2024-2025/Lyon-Stats"
2025,"Lyon","Ligue 1","opponent",31,34,11925,14734,80.9,207322,75383,5510,6209,88.7,4982,5749,86.7,1128,2031,55.5,32,33,30,-1,329,882,249,58,1135,"https://fbref.com/en/squads/d53c0b06/2024-2025/Lyon-Stats"
2025,"Mainz 05","Bundesliga","team",25,34,12478,16434,75.9,222290,85770,5681,6560,86.6,5218,6226,83.8,1280,2671,47.9,37,37.5,45,-0.5,319,1038,309,93,1286,"https://fbref.com/en/squads/a224b06a/2024-2025/Mainz-05-Stats"
2025,"Mainz 05","Bundesliga","opponent",25,34,12368,16234,76.2,222854,83971,5321,6220,85.5,5441,6465,84.2,1276,2660,48,28,31.2,39.5,-3.2,328,1061,265,86,1123,"https://fbref.com/en/squads/a224b06a/2024-2025/Mainz-05-Stats"
2025,"Mallorca","La Liga","team",28,38,12613,16224,77.7,232365,90368,5538,6293,88,5349,6310,84.8,1466,2803,52.3,24,26.5,28.3,-2.5,282,973,239,112,1184,"https://fbref.com/en/squads/2aa12281/2024-2025/Mallorca-Stats"
2025,"Mallorca","La Liga","opponent",28,38,14980,18666,80.3,263472,92330,6786,7634,88.9,6376,7462,85.4,1438,2695,53.4,31,36,38.6,-5,423,1233,330,94,1587,"https://fbref.com/en/squads/2aa12281/2024-2025/Mallorca-Stats"
2025,"Manchester City","Premier League","team",30,38,21531,24443,88.1,349984,98901,11071,11923,92.9,8884,9710,91.5,1281,2040,62.8,51,54.2,53.8,-3.2,472,1685,440,62,1944,"https://fbref.com/en/squads/b8fd03ef/2024-2025/Manchester-City-Stats"
2025,"Manchester City","Premier League","opponent",30,38,12668,15459,81.9,221100,77112,5940,6537,90.9,5254,5900,89.1,1184,2251,52.6,32,37.2,29.4,-5.2,277,784,248,78,912,"https://fbref.com/en/squads/b8fd03ef/2024-2025/Manchester-City-Stats"
2025,"Manchester Utd","Premier League","team",31,38,16837,20415,82.5,278154,89708,8233,9125,90.2,6855,7768,88.2,1257,2438,51.6,29,39.7,35.6,-10.7,406,1141,335,73,1448,"https://fbref.com/en/squads/19538871/2024-2025/Manchester-United-Stats"
2025,"Manchester Utd","Premier League","opponent",31,38,14277,17770,80.3,237786,82285,6938,7804,88.9,5842,6729,86.8,1071,2230,48,36,38.4,32.2,-2.4,309,1064,239,59,1184,"https://fbref.com/en/squads/19538871/2024-2025/Manchester-United-Stats"
2025,"Marseille","Ligue 1","team",32,34,20427,23240,87.9,323783,101486,10229,10983,93.1,8543,9350,91.4,1062,1793,59.2,49,44.6,43.4,4.4,381,1513,325,69,1714,"https://fbref.com/en/squads/5725cc7b/2024-2025/Marseille-Stats"
2025,"Marseille","Ligue 1","opponent",32,34,10643,13334,79.8,187240,66087,4796,5416,88.6,4565,5253,86.9,1024,1968,52,35,31.5,25,3.5,235,805,151,45,872,"https://fbref.com/en/squads/5725cc7b/2024-2025/Marseille-Stats"
2025,"Milan","Serie A","team",35,38,16335,19101,85.5,290496,97134,6939,7660,90.6,7732,8519,90.8,1389,2238,62.1,43,46.8,39.3,-3.8,442,1198,342,77,1589,"https://fbref.com/en/squads/dc56fe14/2024-2025/Milan-Stats"
2025,"Milan","Serie A","opponent",35,38,13716,16519,83,244709,85222,5936,6512,91.2,6145,6886,89.2,1330,2375,56,35,33.5,28.1,1.5,343,1010,253,80,1228,"https://fbref.com/en/squads/dc56fe14/2024-2025/Milan-Stats"
2025,"Monaco","Ligue 1","team",28,34,14561,17916,81.3,245412,90154,6877,7784,88.3,6192,7109,87.1,1143,2134,53.6,49,55.3,54.1,-6.3,390,1232,391,59,1638,"https://fbref.com/en/squads/fd6114db/2024-2025/Monaco-Stats"
2025,"Monaco","Ligue 1","opponent",28,34,11573,14908,77.6,199209,78560,5574,6358,87.7,4552,5515,82.5,1135,2175,52.2,30,26.4,24,3.6,260,862,224,57,1218,"https://fbref.com/en/squads/fd6114db/2024-2025/Monaco-Stats"
2025,"Montpellier","Ligue 1","team",35,34,11442,14420,79.3,210740,76029,4844,5530,87.6,4897,5675,86.3,1384,2425,57.1,13,23,23.6,-10,255,875,169,75,1039,"https://fbref.com/en/squads/281b0e73/2024-2025/Montpellier-Stats"
2025,"Montpellier","Ligue 1","opponent",35,34,14766,17484,84.5,247643,88576,7001,7694,91,6243,7038,88.7,1132,1897,59.7,58,44.1,43.4,13.9,401,1104,309,75,1461,"https://fbref.com/en/squads/281b0e73/2024-2025/Montpellier-Stats"
2025,"Monza","Serie A","team",36,38,14248,17515,81.3,257293,87427,5982,6697,89.3,6561,7422,88.4,1412,2561,55.1,18,20.9,18.2,-2.9,245,895,196,72,1096,"https://fbref.com/en/squads/21680aa4/2024-2025/Monza-Stats"
2025,"Monza","Serie A","opponent",36,38,15588,18811,82.9,278149,94234,6693,7487,89.4,7045,7911,89.1,1509,2589,58.3,54,41.7,36.2,12.3,454,1363,326,86,1599,"https://fbref.com/en/squads/21680aa4/2024-2025/Monza-Stats"
2025,"Nantes","Ligue 1","team",30,34,10999,13956,78.8,198112,76026,4741,5379,88.1,4886,5607,87.1,1116,2236,49.9,27,27.8,26.3,-0.8,257,878,216,85,1053,"https://fbref.com/en/squads/d7a486cd/2024-2025/Nantes-Stats"
2025,"Nantes","Ligue 1","opponent",30,34,17979,21062,85.4,304866,99413,8261,9051,91.3,7932,8778,90.4,1355,2267,59.8,33,39.3,47.8,-6.3,321,1412,336,76,1728,"https://fbref.com/en/squads/d7a486cd/2024-2025/Nantes-Stats"
2025,"Napoli","Serie A","team",27,38,16894,20033,84.3,299923,98597,7296,8074,90.4,7665,8530,89.9,1582,2497,63.4,42,39.1,35.4,2.9,391,1235,318,76,1546,"https://fbref.com/en/squads/d48ad4ff/2024-2025/Napoli-Stats"
2025,"Napoli","Serie A","opponent",27,38,13635,16831,81,243915,77499,5916,6608,89.5,6133,7005,87.6,1303,2490,52.3,18,21.7,24.1,-3.7,263,990,224,60,1142,"https://fbref.com/en/squads/d48ad4ff/2024-2025/Napoli-Stats"
2025,"Newcastle Utd","Premier League","team",24,38,15416,18898,81.6,260464,91034,7416,8283,89.5,6475,7373,87.8,1193,2313,51.6,50,46,42.2,4,399,1149,399,70,1595,"https://fbref.com/en/squads/b2b47a98/2024-2025/Newcastle-United-Stats"
2025,"Newcastle Utd","Premier League","opponent",24,38,14333,17858,80.3,244975,85080,7047,7756,90.9,5735,6620,86.6,1213,2556,47.5,41,35.9,31.6,5.1,364,1170,276,65,1273,"https://fbref.com/en/squads/b2b47a98/2024-2025/Newcastle-United-Stats"
2025,"Nice","Ligue 1","team",31,34,13129,16103,81.5,221429,82784,6345,7100,89.4,5509,6336,86.9,1015,1909,53.2,43,42.9,40.6,0.1,353,951,321,65,1320,"https://fbref.com/en/squads/132ebc33/2024-2025/Nice-Stats"
2025,"Nice","Ligue 1","opponent",31,34,14744,17860,82.6,255386,86373,6652,7365,90.3,6581,7396,89,1196,2270,52.7,30,31.2,33.6,-1.2,351,1131,282,65,1314,"https://fbref.com/en/squads/132ebc33/2024-2025/Nice-Stats"
2025,"Nott'ham Forest","Premier League","team",23,38,10822,14366,75.3,185832,74897,5322,6094,87.3,4065,5011,81.1,1038,2339,44.4,42,33,29.9,9,333,974,241,64,1125,"https://fbref.com/en/squads/e4a775cb/2024-2025/Nottingham-Forest-Stats"
2025,"Nott'ham Forest","Premier League","opponent",23,38,16965,20627,82.2,289408,96915,7747,8667,89.4,7609,8672,87.7,1251,2387,52.4,35,35.2,36.5,-0.2,396,1483,375,92,1886,"https://fbref.com/en/squads/e4a775cb/2024-2025/Nottingham-Forest-Stats"
2025,"Osasuna","La Liga","team",25,38,12184,16028,76,230479,92624,5022,5858,85.7,5403,6487,83.3,1489,2835,52.5,28,29.8,33.4,-1.8,300,963,265,127,1221,"https://fbref.com/en/squads/03c57e2b/2024-2025/Osasuna-Stats"
2025,"Osasuna","La Liga","opponent",25,38,15229,18864,80.7,268789,97445,6895,7684,89.7,6578,7586,86.7,1433,2702,53,38,40.7,43.2,-2.7,350,1251,349,83,1546,"https://fbref.com/en/squads/03c57e2b/2024-2025/Osasuna-Stats"
2025,"Paris S-G","Ligue 1","team",28,34,23156,25781,89.8,384671,110280,10887,11622,93.7,10098,10815,93.4,1623,2267,71.6,69,70.8,61.3,-1.8,521,1849,450,71,2123,"https://fbref.com/en/squads/e2d8892c/2024-2025/Paris-Saint-Germain-Stats"
2025,"Paris S-G","Ligue 1","opponent",28,34,9330,12016,77.6,160077,67171,4500,5171,87,3518,4163,84.5,963,1851,52,22,22.7,22,-0.7,232,651,196,41,874,"https://fbref.com/en/squads/e2d8892c/2024-2025/Paris-Saint-Germain-Stats"
2025,"Parma","Serie A","team",32,38,12509,15805,79.1,227371,84995,5238,5993,87.4,5643,6511,86.7,1289,2504,51.5,31,29.3,24.5,1.7,316,890,217,59,1059,"https://fbref.com/en/squads/eab4234c/2024-2025/Parma-Stats"
2025,"Parma","Serie A","opponent",32,38,16404,19940,82.3,291222,98437,7039,7856,89.6,7622,8561,89,1435,2574,55.7,42,41.7,34.5,0.3,414,1337,364,124,1761,"https://fbref.com/en/squads/eab4234c/2024-2025/Parma-Stats"
2025,"RB Leipzig","Bundesliga","team",29,34,14698,18207,80.7,247957,90938,6822,7749,88,6428,7472,86,1090,2013,54.1,36,35.6,40,0.4,313,1138,306,52,1353,"https://fbref.com/en/squads/acbb6a5b/2024-2025/RB-Leipzig-Stats"
2025,"RB Leipzig","Bundesliga","opponent",29,34,13082,16691,78.4,229606,87124,5968,6842,87.2,5425,6330,85.7,1308,2485,52.6,35,38.8,49.2,-3.8,367,1007,302,93,1275,"https://fbref.com/en/squads/acbb6a5b/2024-2025/RB-Leipzig-Stats"
2025,"Rayo Vallecano","La Liga","team",26,38,13936,17861,78,247359,94801,6459,7310,88.4,5793,6748,85.8,1401,2920,48,27,36.2,32.2,-9.2,374,1081,242,85,1362,"https://fbref.com/en/squads/98e8af82/2024-2025/Rayo-Vallecano-Stats"
2025,"Rayo Vallecano","La Liga","opponent",26,38,12793,16724,76.5,231656,91987,5660,6481,87.3,5397,6418,84.1,1412,2884,49,33,33,33.7,0,346,1064,274,81,1326,"https://fbref.com/en/squads/98e8af82/2024-2025/Rayo-Vallecano-Stats"
2025,"Real Madrid","La Liga","team",30,38,21356,24221,88.2,356264,110503,10517,11248,93.5,8566,9311,92,1723,2595,66.4,55,54.6,52.2,0.4,501,1773,359,34,1967,"https://fbref.com/en/squads/53a2f082/2024-2025/Real-Madrid-Stats"
2025,"Real Madrid","La Liga","opponent",30,38,12981,15895,81.7,221381,81881,6427,7066,91,4989,5720,87.2,1218,2278,53.5,27,32,27.3,-5,309,1034,223,56,1168,"https://fbref.com/en/squads/53a2f082/2024-2025/Real-Madrid-Stats"
2025,"Real Sociedad","La Liga","team",31,38,14880,18759,79.3,261975,89905,6750,7619,88.6,6360,7434,85.6,1421,2687,52.9,22,30.9,30.7,-8.9,284,1087,242,64,1341,"https://fbref.com/en/squads/e31d1cd9/2024-2025/Real-Sociedad-Stats"
2025,"Real Sociedad","La Liga","opponent",31,38,12635,16415,77,229468,84576,5620,6418,87.6,5326,6305,84.5,1400,2797,50.1,32,29,31.9,3,321,1061,236,68,1141,"https://fbref.com/en/squads/e31d1cd9/2024-2025/Real-Sociedad-Stats"
2025,"Reims","Ligue 1","team",34,34,11657,14602,79.8,203427,75490,5338,6018,88.7,4868,5628,86.5,1110,2150,51.6,19,26.5,28.4,-7.5,276,861,224,80,1156,"https://fbref.com/en/squads/7fdd64e0/2024-2025/Reims-Stats"
2025,"Reims","Ligue 1","opponent",34,34,15620,18726,83.4,265583,88621,7076,7779,91,6968,7833,89,1181,2202,53.6,32,40.5,41.6,-8.5,366,1338,360,86,1636,"https://fbref.com/en/squads/7fdd64e0/2024-2025/Reims-Stats"
2025,"Rennes","Ligue 1","team",35,34,13914,16913,82.3,244981,84751,6055,6811,88.9,6276,7138,87.9,1246,2132,58.4,32,29.6,32.5,2.4,318,1083,265,62,1440,"https://fbref.com/en/squads/b3072e00/2024-2025/Rennes-Stats"
2025,"Rennes","Ligue 1","opponent",35,34,13238,16323,81.1,231343,80233,5958,6681,89.2,5754,6546,87.9,1217,2273,53.5,37,33.7,32.5,3.3,291,894,257,67,1144,"https://fbref.com/en/squads/b3072e00/2024-2025/Rennes-Stats"
2025,"Roma","Serie A","team",28,38,17016,20265,84,300183,96685,7364,8133,90.5,7726,8590,89.9,1535,2676,57.4,35,35,32.8,0,391,1302,314,81,1501,"https://fbref.com/en/squads/cf74a709/2024-2025/Roma-Stats"
2025,"Roma","Serie A","opponent",28,38,14165,17333,81.7,256395,88124,5861,6621,88.5,6692,7578,88.3,1355,2425,55.9,21,26.7,24.5,-5.7,323,1065,259,83,1278,"https://fbref.com/en/squads/cf74a709/2024-2025/Roma-Stats"
2025,"Saint-Étienne","Ligue 1","team",32,34,13001,15954,81.5,218182,80494,6224,6913,90,5489,6265,87.6,973,1997,48.7,28,24.6,26.5,3.4,269,1024,237,34,1262,"https://fbref.com/en/squads/d298ef2c/2024-2025/Saint-Etienne-Stats"
2025,"Saint-Étienne","Ligue 1","opponent",32,34,15120,18133,83.4,261034,92489,7107,7856,90.5,6180,7024,88,1405,2283,61.5,41,47.2,46.1,-6.2,390,1117,335,85,1467,"https://fbref.com/en/squads/d298ef2c/2024-2025/Saint-Etienne-Stats"
2025,"Sevilla","La Liga","team",35,38,14432,18057,79.9,252909,88471,6743,7466,90.3,6146,7086,86.7,1267,2706,46.8,32,30.8,24.4,1.2,357,1072,210,60,1193,"https://fbref.com/en/squads/ad2be733/2024-2025/Sevilla-Stats"
2025,"Sevilla","La Liga","opponent",35,38,14301,17994,79.5,254797,88615,6318,7161,88.2,6361,7373,86.3,1337,2634,50.8,37,34,31.7,3,309,1122,235,72,1262,"https://fbref.com/en/squads/ad2be733/2024-2025/Sevilla-Stats"
2025,"Southampton","Premier League","team",36,38,15530,18561,83.7,263566,84964,7279,7996,91,6699,7455,89.9,1175,2271,51.7,16,24.8,23.9,-8.8,269,989,218,60,1127,"https://fbref.com/en/squads/33c895d4/2024-2025/Southampton-Stats"
2025,"Southampton","Premier League","opponent",36,38,16575,19683,84.2,277016,92382,7944,8739,90.9,7112,7939,89.6,1153,2153,53.6,61,63,50.1,-2,521,1359,421,86,1647,"https://fbref.com/en/squads/33c895d4/2024-2025/Southampton-Stats"
2025,"St. Pauli","Bundesliga","team",28,34,11751,15300,76.8,208523,79611,5086,5835,87.2,5248,6213,84.5,1110,2391,46.4,22,26.3,28.7,-4.3,278,892,201,72,1073,"https://fbref.com/en/squads/54864664/2024-2025/St-Pauli-Stats"
2025,"St. Pauli","Bundesliga","opponent",28,34,16017,19511,82.1,283049,94838,6968,7806,89.3,7301,8280,88.2,1407,2474,56.9,30,35,37.8,-5,300,1241,275,66,1388,"https://fbref.com/en/squads/54864664/2024-2025/St-Pauli-Stats"
2025,"Strasbourg","Ligue 1","team",30,34,14667,17462,84,252607,87865,6434,7096,90.7,6989,7831,89.2,998,1882,53,43,38.5,32.5,4.5,273,896,216,50,1204,"https://fbref.com/en/squads/c0d3eab4/2024-2025/Strasbourg-Stats"
2025,"Strasbourg","Ligue 1","opponent",30,34,14255,17314,82.3,252105,86979,6261,6940,90.2,6372,7160,89,1305,2353,55.5,21,39.1,40.9,-18.1,338,1068,308,92,1361,"https://fbref.com/en/squads/c0d3eab4/2024-2025/Strasbourg-Stats"
2025,"Stuttgart","Bundesliga","team",29,34,16513,19767,83.5,272424,97064,8302,9120,91,6590,7479,88.1,1230,2270,54.2,45,45.3,52.7,-0.3,370,1291,372,90,1493,"https://fbref.com/en/squads/598bc722/2024-2025/Stuttgart-Stats"
2025,"Stuttgart","Bundesliga","opponent",29,34,11408,14746,77.4,203317,78239,4970,5734,86.7,4936,5782,85.4,1179,2335,50.5,34,33.8,35.2,0.2,284,811,237,56,1023,"https://fbref.com/en/squads/598bc722/2024-2025/Stuttgart-Stats"
2025,"Torino","Serie A","team",31,38,13578,17008,79.8,249577,86249,5650,6464,87.4,6225,7103,87.6,1445,2696,53.6,21,22.5,25.9,-1.5,276,980,250,86,1113,"https://fbref.com/en/squads/105360fe/2024-2025/Torino-Stats"
2025,"Torino","Serie A","opponent",31,38,15347,18718,82,278779,95303,6533,7277,89.8,6923,7856,88.1,1587,2836,56,30,34.7,31.3,-4.7,395,1207,317,107,1346,"https://fbref.com/en/squads/105360fe/2024-2025/Torino-Stats"
2025,"Tottenham","Premier League","team",31,38,16513,19960,82.7,275248,93006,7576,8440,89.8,7372,8289,88.9,1101,2084,52.8,47,44.4,36.3,2.6,375,1254,369,83,1593,"https://fbref.com/en/squads/361ca564/2024-2025/Tottenham-Hotspur-Stats"
2025,"Tottenham","Premier League","opponent",31,38,13104,16529,79.3,231356,83331,6060,6844,88.5,5408,6248,86.6,1301,2506,51.9,43,46.3,37.6,-3.3,381,1057,331,95,1330,"https://fbref.com/en/squads/361ca564/2024-2025/Tottenham-Hotspur-Stats"
2025,"Toulouse","Ligue 1","team",27,34,11674,14867,78.5,203673,74918,5182,5953,87,5259,6118,86,964,2027,47.6,34,34.7,38,-0.7,297,879,284,65,1219,"https://fbref.com/en/squads/3f8c4b5f/2024-2025/Toulouse-Stats"
2025,"Toulouse","Ligue 1","opponent",27,34,15399,18518,83.2,262480,86745,6949,7674,90.6,7033,7880,89.3,1078,2164,49.8,28,26,28.1,2,251,1075,247,64,1326,"https://fbref.com/en/squads/3f8c4b5f/2024-2025/Toulouse-Stats"
2025,"Udinese","Serie A","team",31,38,12945,16279,79.5,239290,82480,5322,6027,88.3,5751,6676,86.1,1552,2764,56.2,28,27.2,24.8,0.8,313,969,242,103,1160,"https://fbref.com/en/squads/04eea015/2024-2025/Udinese-Stats"
2025,"Udinese","Serie A","opponent",31,38,14788,18221,81.2,268975,86699,5990,6768,88.5,6925,7850,88.2,1531,2709,56.5,30,35.6,28.3,-5.6,365,956,274,88,1282,"https://fbref.com/en/squads/04eea015/2024-2025/Udinese-Stats"
2025,"Union Berlin","Bundesliga","team",28,34,9960,13705,72.7,178823,74942,4467,5296,84.3,3994,4998,79.9,1156,2400,48.2,25,23.5,31.6,1.5,292,792,239,75,1049,"https://fbref.com/en/squads/7a41008f/2024-2025/Union-Berlin-Stats"
2025,"Union Berlin","Bundesliga","opponent",28,34,16465,20253,81.3,291665,98135,6966,7921,87.9,7697,8708,88.4,1456,2714,53.6,36,32.4,41.9,3.6,295,1264,306,88,1491,"https://fbref.com/en/squads/7a41008f/2024-2025/Union-Berlin-Stats"
2025,"Valencia","La Liga","team",32,38,13938,17708,78.7,246799,86682,6341,7094,89.4,6081,7066,86.1,1284,2634,48.7,26,30,33.4,-4,284,1109,254,91,1340,"https://fbref.com/en/squads/dcc91a7b/2024-2025/Valencia-Stats"
2025,"Valencia","La Liga","opponent",32,38,15307,18992,80.6,273196,96683,6744,7559,89.2,6698,7661,87.4,1513,2779,54.4,38,37.2,37.8,0.8,321,1184,291,92,1419,"https://fbref.com/en/squads/dcc91a7b/2024-2025/Valencia-Stats"
2025,"Valladolid","La Liga","team",38,38,12052,15387,78.3,228419,83632,4795,5456,87.9,5607,6494,86.3,1410,2699,52.2,15,25.7,24.3,-10.7,256,752,176,93,991,"https://fbref.com/en/squads/17859612/2024-2025/Valladolid-Stats"
2025,"Valladolid","La Liga","opponent",38,38,17117,20501,83.5,295213,99282,7740,8497,91.1,7685,8589,89.5,1328,2457,54,62,46.8,44.4,15.2,449,1475,381,103,1753,"https://fbref.com/en/squads/17859612/2024-2025/Valladolid-Stats"
2025,"Venezia","Serie A","team",36,38,11573,15155,76.4,201752,77791,5144,5977,86.1,5103,6078,84,1002,2218,45.2,16,22.2,22.3,-6.2,282,813,215,58,1066,"https://fbref.com/en/squads/af5d5982/2024-2025/Venezia-Stats"
2025,"Venezia","Serie A","opponent",36,38,14934,18608,80.3,266899,96544,6714,7567,88.7,6273,7275,86.2,1602,2808,57.1,35,39.3,34.2,-4.3,422,1156,315,88,1397,"https://fbref.com/en/squads/af5d5982/2024-2025/Venezia-Stats"
2025,"Villarreal","La Liga","team",31,38,14532,17825,81.5,262800,96388,6234,6978,89.3,6564,7485,87.7,1463,2559,57.2,51,49.7,48,1.3,427,1146,371,102,1522,"https://fbref.com/en/squads/2a8183b3/2024-2025/Villarreal-Stats"
2025,"Villarreal","La Liga","opponent",31,38,16617,19916,83.4,296022,99699,7409,8192,90.4,7220,8075,89.4,1638,2748,59.6,28,28.5,33.8,-0.5,357,1325,295,94,1597,"https://fbref.com/en/squads/2a8183b3/2024-2025/Villarreal-Stats"
2025,"Werder Bremen","Bundesliga","team",23,34,13999,17550,79.8,250040,91419,5827,6663,87.5,6247,7263,86,1455,2530,57.5,38,37.4,44,0.6,327,954,335,91,1351,"https://fbref.com/en/squads/62add3bf/2024-2025/Werder-Bremen-Stats"
2025,"Werder Bremen","Bundesliga","opponent",23,34,14300,17808,80.3,246128,90286,6723,7496,89.7,6054,7014,86.3,1217,2399,50.7,39,36.3,42.7,2.7,353,1067,274,59,1336,"https://fbref.com/en/squads/62add3bf/2024-2025/Werder-Bremen-Stats"
2025,"West Ham","Premier League","team",27,38,14820,18363,80.7,258653,90743,6989,7831,89.2,6245,7153,87.3,1346,2580,52.2,29,33.9,32,-4.9,331,1075,267,72,1222,"https://fbref.com/en/squads/7c21e445/2024-2025/West-Ham-United-Stats"
2025,"West Ham","Premier League","opponent",27,38,15814,19489,81.1,272231,91982,7440,8388,88.7,6663,7690,86.6,1367,2532,54,45,47.6,43,-2.6,456,1386,392,97,1622,"https://fbref.com/en/squads/7c21e445/2024-2025/West-Ham-United-Stats"
2025,"Wolfsburg","Bundesliga","team",27,34,11590,15088,76.8,219100,82094,4735,5598,84.6,5178,6041,85.7,1421,2665,53.3,38,33,36.5,5,316,999,247,53,1205,"https://fbref.com/en/squads/4eaa11d7/2024-2025/Wolfsburg-Stats"
2025,"Wolfsburg","Bundesliga","opponent",27,34,14240,17731,80.3,245839,92107,6618,7474,88.5,5949,6888,86.4,1290,2363,54.6,43,40.5,39.7,2.5,367,1098,285,81,1348,"https://fbref.com/en/squads/4eaa11d7/2024-2025/Wolfsburg-Stats"
2025,"Wolves","Premier League","team",32,38,14472,17884,80.9,246100,83847,6855,7612,90.1,5909,6712,88,1251,2503,50,42,35.4,26.6,6.6,323,1011,276,72,1185,"https://fbref.com/en/squads/8cec06e1/2024-2025/Wolverhampton-Wanderers-Stats"
2025,"Wolves","Premier League","opponent",32,38,15875,19341,82.1,273323,93838,7424,8257,89.9,6871,7817,87.9,1283,2372,54.1,47,41.5,35.5,5.5,358,1269,331,71,1534,"https://fbref.com/en/squads/8cec06e1/2024-2025/Wolverhampton-Wanderers-Stats"
