"Season_End_Year","Squad","Comp","Team_or_Opponent","Num_Players","Poss","Mins_Per_90","Touches_Touches","Def Pen_Touches","Def 3rd_Touches","Mid 3rd_Touches","Att 3rd_Touches","Att Pen_Touches","Live_Touches","Att_Take","Succ_Take","Succ_percent_Take","Tkld_Take","Tkld_percent_Take","Carries_Carries","TotDist_Carries","PrgDist_Carries","PrgC_Carries","Final_Third_Carries","CPA_Carries","Mis_Carries","Dis_Carries","Rec_Receiving","PrgR_Receiving","Url"
2025,"Alavés","La Liga","team",29,45.3,38,19070,1876,5802,8634,4809,691,19059,478,185,38.7,245,51.3,9128,45578,22946,449,346,90,598,307,10419,1148,"https://fbref.com/en/squads/8d6fd021/2024-2025/Alaves-Stats"
2025,"Alavés","La Liga","opponent",29,54.7,38,22689,2367,7584,10446,4876,659,22678,810,378,46.7,348,43,11958,63721,33531,573,440,137,645,389,14127,1309,"https://fbref.com/en/squads/8d6fd021/2024-2025/Alaves-Stats"
2025,"Angers","Ligue 1","team",30,41.2,34,17919,2146,6594,7732,3813,512,17913,613,249,40.6,331,54,9398,51759,26951,502,365,98,493,297,10991,943,"https://fbref.com/en/squads/69236f98/2024-2025/Angers-Stats"
2025,"Angers","Ligue 1","opponent",30,58.8,34,24043,1747,5934,11764,6568,921,24038,649,313,48.2,294,45.3,14633,79121,42638,784,623,185,469,330,17198,1756,"https://fbref.com/en/squads/69236f98/2024-2025/Angers-Stats"
2025,"Arsenal","Premier League","team",25,56.9,38,24056,1844,6064,10362,7808,1282,24054,726,320,44.1,316,43.5,14234,75544,40246,852,540,286,483,382,16894,1801,"https://fbref.com/en/squads/18bb7c10/2024-2025/Arsenal-Stats"
2025,"Arsenal","Premier League","opponent",25,43.1,38,19306,2948,7642,7501,4397,632,19303,595,255,42.9,260,43.7,10350,57925,30357,618,413,162,451,338,12077,927,"https://fbref.com/en/squads/18bb7c10/2024-2025/Arsenal-Stats"
2025,"Aston Villa","Premier League","team",28,50.5,38,21699,2646,7301,9257,5362,951,21693,726,327,45,299,41.2,12334,68906,36242,720,448,212,508,386,14423,1331,"https://fbref.com/en/squads/8602292d/2024-2025/Aston-Villa-Stats"
2025,"Aston Villa","Premier League","opponent",28,49.5,38,21614,2408,6804,9497,5515,886,21611,617,236,38.2,310,50.2,12031,65638,34386,688,462,205,491,327,14278,1292,"https://fbref.com/en/squads/8602292d/2024-2025/Aston-Villa-Stats"
2025,"Atalanta","Serie A","team",32,55.3,38,25020,2035,6907,11325,7007,1076,25013,645,257,39.8,330,51.2,15076,80503,42064,897,696,254,574,362,17329,1808,"https://fbref.com/en/squads/922493f3/2024-2025/Atalanta-Stats"
2025,"Atalanta","Serie A","opponent",32,44.7,38,21205,2790,8216,9243,3956,555,21203,573,234,40.8,272,47.5,11137,57758,27101,510,355,115,603,299,13265,976,"https://fbref.com/en/squads/922493f3/2024-2025/Atalanta-Stats"
2025,"Athletic Club","La Liga","team",31,48.4,38,21761,1884,6255,10334,5382,760,21755,791,328,41.5,388,49.1,11368,61421,32773,682,444,188,597,401,13522,1561,"https://fbref.com/en/squads/2b390eca/2024-2025/Athletic-Club-Stats"
2025,"Athletic Club","La Liga","opponent",31,51.6,38,23225,2765,9110,10141,4156,588,23220,633,283,44.7,296,46.8,12464,60243,29674,468,345,111,608,281,14809,1168,"https://fbref.com/en/squads/2b390eca/2024-2025/Athletic-Club-Stats"
2025,"Atlético Madrid","La Liga","team",24,52.6,38,25387,2335,8013,11493,6074,860,25380,639,276,43.2,305,47.7,15829,77524,41305,760,579,167,541,275,17707,1553,"https://fbref.com/en/squads/db3b9613/2024-2025/Atletico-Madrid-Stats"
2025,"Atlético Madrid","La Liga","opponent",24,47.4,38,23851,2405,6916,11439,5686,619,23846,694,308,44.4,319,46,13506,67569,34768,581,479,100,577,300,16092,1533,"https://fbref.com/en/squads/db3b9613/2024-2025/Atletico-Madrid-Stats"
2025,"Augsburg","Bundesliga","team",29,44.3,34,19036,2215,6126,8404,4701,681,19034,555,228,41.1,280,50.5,10166,48245,23696,450,356,97,587,297,11478,1149,"https://fbref.com/en/squads/0cdc4311/2024-2025/Augsburg-Stats"
2025,"Augsburg","Bundesliga","opponent",29,55.7,34,22943,2360,7467,10398,5239,816,22938,469,197,42,233,49.7,12814,62501,31296,604,405,140,479,231,15364,1429,"https://fbref.com/en/squads/0cdc4311/2024-2025/Augsburg-Stats"
2025,"Auxerre","Ligue 1","team",29,42.5,34,18188,2265,6744,7753,3877,614,18183,622,258,41.5,324,52.1,10101,51428,24986,484,350,137,452,346,10927,1078,"https://fbref.com/en/squads/5ae09109/2024-2025/Auxerre-Stats"
2025,"Auxerre","Ligue 1","opponent",29,57.5,34,22989,1832,6490,11361,5341,772,22981,649,290,44.7,316,48.7,13114,70683,38531,645,441,159,508,341,15775,1510,"https://fbref.com/en/squads/5ae09109/2024-2025/Auxerre-Stats"
2025,"Barcelona","La Liga","team",28,68.3,38,29805,1857,6516,14966,8535,1208,29797,909,455,50.1,375,41.3,18077,92092,49435,860,667,238,579,316,22187,2201,"https://fbref.com/en/squads/206d90db/2024-2025/Barcelona-Stats"
2025,"Barcelona","La Liga","opponent",28,31.7,38,16221,2896,7293,6081,3011,566,16217,572,249,43.5,271,47.4,7646,39978,19702,406,246,147,545,267,8434,769,"https://fbref.com/en/squads/206d90db/2024-2025/Barcelona-Stats"
2025,"Bayern Munich","Bundesliga","team",29,67.9,34,29435,1651,6130,14825,8664,1212,29425,791,383,48.4,354,44.8,18048,90011,45625,831,683,265,495,264,22614,2125,"https://fbref.com/en/squads/054efa67/2024-2025/Bayern-Munich-Stats"
2025,"Bayern Munich","Bundesliga","opponent",29,32.1,34,16085,2998,7592,6086,2581,425,16083,476,200,42,250,52.5,7861,36733,16041,286,200,81,453,256,9050,664,"https://fbref.com/en/squads/054efa67/2024-2025/Bayern-Munich-Stats"
2025,"Betis","La Liga","team",36,52.4,38,23872,2253,7466,10545,6088,921,23862,722,312,43.2,344,47.6,13910,69976,36269,679,532,228,676,378,15627,1468,"https://fbref.com/en/squads/fc536746/2024-2025/Real-Betis-Stats"
2025,"Betis","La Liga","opponent",36,47.6,38,22048,2459,7355,9895,5002,750,22044,702,302,43,342,48.7,11838,60140,30507,611,421,165,564,303,13770,1394,"https://fbref.com/en/squads/fc536746/2024-2025/Real-Betis-Stats"
2025,"Bochum","Bundesliga","team",27,45.5,34,18311,2240,6257,8021,4198,683,18308,421,167,39.7,239,56.8,9051,42773,19107,378,292,89,524,235,10164,1077,"https://fbref.com/en/squads/b42c6323/2024-2025/Bochum-Stats"
2025,"Bochum","Bundesliga","opponent",27,54.5,34,22119,2332,7245,9965,5100,898,22113,619,266,43,306,49.4,11590,58190,29503,599,420,182,526,294,13929,1435,"https://fbref.com/en/squads/b42c6323/2024-2025/Bochum-Stats"
2025,"Bologna","Serie A","team",30,58.1,38,23304,2070,6703,10984,5817,831,23297,555,221,39.8,266,47.9,13684,70992,33468,639,422,167,598,361,15512,1457,"https://fbref.com/en/squads/1d8099f8/2024-2025/Bologna-Stats"
2025,"Bologna","Serie A","opponent",30,41.9,38,18117,2704,7710,7369,3241,566,18114,611,255,41.7,283,46.3,9049,46842,21444,440,311,141,557,308,10342,869,"https://fbref.com/en/squads/1d8099f8/2024-2025/Bologna-Stats"
2025,"Bournemouth","Premier League","team",29,48.5,38,21618,2217,6444,9314,6128,1005,21611,672,294,43.8,300,44.6,11733,69030,36709,754,534,228,597,350,12855,1474,"https://fbref.com/en/squads/4ba7cbea/2024-2025/Bournemouth-Stats"
2025,"Bournemouth","Premier League","opponent",29,51.5,38,22681,2841,8227,9246,5446,934,22677,704,326,46.3,301,42.8,12104,65710,32384,685,452,203,663,390,13911,1280,"https://fbref.com/en/squads/4ba7cbea/2024-2025/Bournemouth-Stats"
2025,"Brentford","Premier League","team",28,47.9,38,21491,3282,8328,8055,5310,987,21485,627,265,42.3,293,46.7,11412,61938,31661,598,380,213,549,300,13153,1339,"https://fbref.com/en/squads/cd051869/2024-2025/Brentford-Stats"
2025,"Brentford","Premier League","opponent",28,52.1,38,23090,2608,7185,8991,7103,1189,23089,661,282,42.7,314,47.5,12890,68221,36588,835,579,294,507,319,14889,1547,"https://fbref.com/en/squads/cd051869/2024-2025/Brentford-Stats"
2025,"Brest","Ligue 1","team",30,48.4,34,19884,2240,6822,8962,4265,644,19875,490,209,42.7,245,50,10454,55353,26772,470,348,117,509,246,12586,1084,"https://fbref.com/en/squads/fb08dbb3/2024-2025/Brest-Stats"
2025,"Brest","Ligue 1","opponent",30,51.6,34,21061,2098,6857,9665,4731,767,21051,615,275,44.7,308,50.1,11648,59666,32094,559,389,140,565,348,13948,1507,"https://fbref.com/en/squads/fb08dbb3/2024-2025/Brest-Stats"
2025,"Brighton","Premier League","team",32,52.3,38,23677,2601,7503,10292,6153,1085,23670,797,338,42.4,382,47.9,13919,76882,41746,816,576,263,583,344,15637,1522,"https://fbref.com/en/squads/d07537b9/2024-2025/Brighton-and-Hove-Albion-Stats"
2025,"Brighton","Premier League","opponent",32,47.7,38,22046,2949,8740,9148,4374,877,22037,795,353,44.4,350,44,12304,64473,31459,607,355,243,503,355,14102,1196,"https://fbref.com/en/squads/d07537b9/2024-2025/Brighton-and-Hove-Albion-Stats"
2025,"Cagliari","Serie A","team",28,44.9,38,19802,2531,7637,8203,4166,645,19799,552,228,41.3,274,49.6,10679,52998,25903,506,339,115,585,294,11974,1140,"https://fbref.com/en/squads/c4260e09/2024-2025/Cagliari-Stats"
2025,"Cagliari","Serie A","opponent",28,55.1,38,23820,2217,7184,11262,5576,864,23814,498,211,42.4,238,47.8,14003,76881,38241,756,548,216,621,300,15925,1490,"https://fbref.com/en/squads/c4260e09/2024-2025/Cagliari-Stats"
2025,"Celta Vigo","La Liga","team",30,53.6,38,25123,2232,7618,12133,5574,831,25114,628,254,40.4,312,49.7,15010,75647,39392,709,500,218,558,296,17691,1649,"https://fbref.com/en/squads/f25da7fb/2024-2025/Celta-Vigo-Stats"
2025,"Celta Vigo","La Liga","opponent",30,46.4,38,22435,2437,7311,10538,4807,676,22431,638,290,45.5,286,44.8,12857,65278,31170,564,463,144,527,269,14814,1209,"https://fbref.com/en/squads/f25da7fb/2024-2025/Celta-Vigo-Stats"
2025,"Chelsea","Premier League","team",29,57.1,38,25217,2410,7564,11375,6497,1115,25212,783,326,41.6,336,42.9,14501,78314,41394,861,493,317,466,297,17888,1576,"https://fbref.com/en/squads/cff3d9bb/2024-2025/Chelsea-Stats"
2025,"Chelsea","Premier League","opponent",29,42.9,38,20227,2916,8063,8175,4232,771,20221,627,263,41.9,273,43.5,11048,60917,31015,600,391,179,468,315,12876,1190,"https://fbref.com/en/squads/cff3d9bb/2024-2025/Chelsea-Stats"
2025,"Como","Serie A","team",38,54.6,38,23246,2359,7668,10461,5315,791,23244,622,264,42.4,288,46.3,14108,70678,35128,658,463,202,577,360,15729,1371,"https://fbref.com/en/squads/28c9c3cd/2024-2025/Como-Stats"
2025,"Como","Serie A","opponent",38,45.4,38,20145,2452,7535,8695,4136,636,20137,653,288,44.1,303,46.4,11073,57995,28814,539,369,132,524,360,12668,1106,"https://fbref.com/en/squads/28c9c3cd/2024-2025/Como-Stats"
2025,"Crystal Palace","Premier League","team",29,42.8,38,20389,2570,7689,8441,4456,797,20385,500,209,41.8,241,48.2,10275,51887,25304,510,354,126,491,339,11783,1140,"https://fbref.com/en/squads/47c64c55/2024-2025/Crystal-Palace-Stats"
2025,"Crystal Palace","Premier League","opponent",29,57.2,38,25561,2451,7644,11861,6291,904,25559,733,319,43.5,324,44.2,14221,76019,39539,686,501,175,582,443,17148,1566,"https://fbref.com/en/squads/47c64c55/2024-2025/Crystal-Palace-Stats"
2025,"Dortmund","Bundesliga","team",28,58.9,34,24214,2170,6972,11525,5921,916,24208,747,341,45.6,334,44.7,14567,72244,36951,701,522,219,502,307,16922,1555,"https://fbref.com/en/squads/add600ae/2024-2025/Dortmund-Stats"
2025,"Dortmund","Bundesliga","opponent",28,41.1,34,18251,2382,6828,7494,4124,694,18247,539,231,42.9,261,48.4,9340,47128,23088,473,355,138,498,262,10851,1045,"https://fbref.com/en/squads/add600ae/2024-2025/Dortmund-Stats"
2025,"Eint Frankfurt","Bundesliga","team",26,49.7,34,21315,2574,7332,9549,4619,871,21310,609,293,48.1,272,44.7,12239,59330,29809,585,428,188,561,262,13804,1337,"https://fbref.com/en/squads/f0ac8ee6/2024-2025/Eintracht-Frankfurt-Stats"
2025,"Eint Frankfurt","Bundesliga","opponent",26,50.3,34,21445,2319,6565,9663,5361,799,21442,544,228,41.9,280,51.5,11276,56986,28875,547,422,143,447,286,14035,1273,"https://fbref.com/en/squads/f0ac8ee6/2024-2025/Eintracht-Frankfurt-Stats"
2025,"Empoli","Serie A","team",34,41.7,38,18255,2279,6509,8088,3861,562,18252,505,212,42,238,47.1,8486,43445,20518,428,284,102,594,349,9986,1004,"https://fbref.com/en/squads/a3d88bd8/2024-2025/Empoli-Stats"
2025,"Empoli","Serie A","opponent",34,58.3,38,24163,2469,7992,10874,5490,824,24160,612,234,38.2,309,50.5,13687,70351,32220,588,461,162,582,380,15959,1386,"https://fbref.com/en/squads/a3d88bd8/2024-2025/Empoli-Stats"
2025,"Espanyol","La Liga","team",27,39.8,38,18406,2655,7408,7625,3582,548,18401,546,221,40.5,266,48.7,9361,52875,28280,497,359,109,561,241,10490,991,"https://fbref.com/en/squads/a8661628/2024-2025/Espanyol-Stats"
2025,"Espanyol","La Liga","opponent",27,60.2,38,25692,1881,6559,12682,6675,1016,25686,686,300,43.7,310,45.2,15118,83083,44099,838,604,195,585,330,17827,1808,"https://fbref.com/en/squads/a8661628/2024-2025/Espanyol-Stats"
2025,"Everton","Premier League","team",26,40.9,38,19408,2462,6930,7927,4762,732,19406,636,283,44.5,305,48,9535,51039,25414,486,364,119,525,390,11309,1023,"https://fbref.com/en/squads/d3fd31cc/2024-2025/Everton-Stats"
2025,"Everton","Premier League","opponent",26,59.1,38,25864,2401,8222,11641,6229,931,25862,729,318,43.6,338,46.4,15106,79769,42431,724,520,195,549,394,17776,1616,"https://fbref.com/en/squads/d3fd31cc/2024-2025/Everton-Stats"
2025,"Fiorentina","Serie A","team",34,51,38,21431,2419,7306,9857,4479,671,21423,600,270,45,254,42.3,12538,66795,32278,620,479,164,535,306,14051,1226,"https://fbref.com/en/squads/421387cf/2024-2025/Fiorentina-Stats"
2025,"Fiorentina","Serie A","opponent",34,49,38,21017,2165,6702,9865,4642,739,21014,549,240,43.7,248,45.2,12226,66938,34823,675,429,148,530,283,13680,1265,"https://fbref.com/en/squads/421387cf/2024-2025/Fiorentina-Stats"
2025,"Freiburg","Bundesliga","team",26,48.7,34,20178,2220,6656,9166,4504,722,20174,486,215,44.2,237,48.8,10294,54032,26564,442,319,119,456,259,12683,1120,"https://fbref.com/en/squads/a486e511/2024-2025/Freiburg-Stats"
2025,"Freiburg","Bundesliga","opponent",26,51.3,34,21416,2280,7469,9517,4592,727,21412,478,222,46.4,235,49.2,12223,56939,27259,471,354,120,539,276,13965,1167,"https://fbref.com/en/squads/a486e511/2024-2025/Freiburg-Stats"
2025,"Fulham","Premier League","team",26,52.3,38,23926,2641,8095,9787,6287,954,23922,637,288,45.2,254,39.9,14026,73723,38440,786,544,213,515,281,16043,1544,"https://fbref.com/en/squads/fd962109/2024-2025/Fulham-Stats"
2025,"Fulham","Premier League","opponent",26,47.7,38,22348,2568,7282,10037,5271,825,22344,658,276,41.9,289,43.9,12382,68477,35170,654,459,180,572,390,14544,1384,"https://fbref.com/en/squads/fd962109/2024-2025/Fulham-Stats"
2025,"Genoa","Serie A","team",37,45.6,38,20080,2523,7477,8829,3958,644,20078,505,187,37,260,51.5,10006,52887,25471,470,343,112,593,289,11902,967,"https://fbref.com/en/squads/658bf2de/2024-2025/Genoa-Stats"
2025,"Genoa","Serie A","opponent",37,54.4,38,23029,2327,7364,10399,5459,832,23021,650,283,43.5,283,43.5,13102,65300,31780,609,484,166,587,389,14943,1359,"https://fbref.com/en/squads/658bf2de/2024-2025/Genoa-Stats"
2025,"Getafe","La Liga","team",30,41.8,38,17605,1770,5183,7998,4646,675,17600,631,265,42,312,49.4,7825,40262,19034,368,311,105,719,357,8611,966,"https://fbref.com/en/squads/7848bd64/2024-2025/Getafe-Stats"
2025,"Getafe","La Liga","opponent",30,58.2,38,22942,2431,8144,10481,4497,630,22933,740,332,44.9,333,45,11645,58255,30057,499,343,123,641,312,13820,1269,"https://fbref.com/en/squads/7848bd64/2024-2025/Getafe-Stats"
2025,"Girona","La Liga","team",30,56.3,38,25088,2516,7829,11533,5912,795,25083,634,291,45.9,276,43.5,15275,86324,44108,765,553,180,522,312,18040,1684,"https://fbref.com/en/squads/9024a00a/2024-2025/Girona-Stats"
2025,"Girona","La Liga","opponent",30,43.7,38,20788,2333,7034,8948,5006,779,20782,620,265,42.7,292,47.1,11640,59568,29907,582,402,202,476,277,13689,1174,"https://fbref.com/en/squads/9024a00a/2024-2025/Girona-Stats"
2025,"Gladbach","Bundesliga","team",26,49.6,34,21519,2921,8283,9361,4035,702,21514,469,206,43.9,231,49.3,11672,58507,29577,530,360,131,420,269,14002,1104,"https://fbref.com/en/squads/32f3ee20/2024-2025/Monchengladbach-Stats"
2025,"Gladbach","Bundesliga","opponent",26,50.4,34,21784,2032,5968,9969,6055,1000,21776,514,233,45.3,240,46.7,11945,60720,30982,607,463,171,501,264,14355,1509,"https://fbref.com/en/squads/32f3ee20/2024-2025/Monchengladbach-Stats"
2025,"Heidenheim","Bundesliga","team",27,43.5,34,18836,2427,7356,7915,3789,619,18831,532,232,43.6,250,47,10014,52086,26117,516,347,94,537,240,11035,959,"https://fbref.com/en/squads/18d9d2a7/2024-2025/Heidenheim-Stats"
2025,"Heidenheim","Bundesliga","opponent",27,56.5,34,23335,1995,6152,11630,5773,847,23329,607,264,43.5,294,48.4,13152,67306,34543,643,489,154,523,320,15686,1610,"https://fbref.com/en/squads/18d9d2a7/2024-2025/Heidenheim-Stats"
2025,"Hellas Verona","Serie A","team",32,38.7,38,17659,2055,5973,8025,3869,532,17657,508,228,44.9,233,45.9,8757,47190,22203,449,338,100,533,254,9765,998,"https://fbref.com/en/squads/0e72edf2/2024-2025/Hellas-Verona-Stats"
2025,"Hellas Verona","Serie A","opponent",32,61.3,38,25434,2078,7310,12632,5689,799,25430,665,281,42.3,311,46.8,14985,78285,41167,665,502,158,567,361,17750,1582,"https://fbref.com/en/squads/0e72edf2/2024-2025/Hellas-Verona-Stats"
2025,"Hoffenheim","Bundesliga","team",35,48.7,34,20591,2338,6644,9219,4904,762,20588,505,234,46.3,238,47.1,10884,51798,25062,481,391,124,451,293,12717,1208,"https://fbref.com/en/squads/033ea6b8/2024-2025/Hoffenheim-Stats"
2025,"Hoffenheim","Bundesliga","opponent",35,51.3,34,21736,2361,6905,9596,5414,898,21730,556,242,43.5,269,48.4,11712,57227,27547,529,428,143,550,301,13877,1336,"https://fbref.com/en/squads/033ea6b8/2024-2025/Hoffenheim-Stats"
2025,"Holstein Kiel","Bundesliga","team",27,43.6,34,18172,2860,7924,7386,3022,572,18167,424,184,43.4,200,47.2,8483,41193,19640,359,261,81,504,242,10453,860,"https://fbref.com/en/squads/2ac661d9/2024-2025/Holstein-Kiel-Stats"
2025,"Holstein Kiel","Bundesliga","opponent",27,56.4,34,22214,1790,5535,10403,6454,987,22207,589,253,43,277,47,12764,60246,29565,549,409,172,548,264,14660,1558,"https://fbref.com/en/squads/2ac661d9/2024-2025/Holstein-Kiel-Stats"
2025,"Inter","Serie A","team",26,59.4,38,26215,2510,7834,12203,6361,1048,26206,407,158,38.8,199,48.9,16253,81857,40921,694,566,155,423,242,19251,1717,"https://fbref.com/en/squads/d609edc0/2024-2025/Internazionale-Stats"
2025,"Inter","Serie A","opponent",26,40.6,38,18906,2505,6651,8467,3974,604,18902,492,213,43.3,239,48.6,10804,58866,29151,631,416,153,521,266,12057,1058,"https://fbref.com/en/squads/d609edc0/2024-2025/Internazionale-Stats"
2025,"Ipswich Town","Premier League","team",32,40.6,38,19091,3012,7764,7504,4032,605,19089,643,277,43.1,290,45.1,9384,53235,26144,513,330,150,538,347,11405,920,"https://fbref.com/en/squads/b74092de/2024-2025/Ipswich-Town-Stats"
2025,"Ipswich Town","Premier League","opponent",32,59.4,38,25927,2229,7646,11051,7443,1168,25921,674,323,47.9,281,41.7,15621,79646,40213,812,547,286,498,308,18201,1703,"https://fbref.com/en/squads/b74092de/2024-2025/Ipswich-Town-Stats"
2025,"Juventus","Serie A","team",29,57.2,38,25202,2320,7729,11766,5913,856,25196,658,309,47,300,45.6,15347,86896,45140,810,558,216,568,293,18089,1548,"https://fbref.com/en/squads/e0652b02/2024-2025/Juventus-Stats"
2025,"Juventus","Serie A","opponent",29,42.8,38,19571,2513,6795,8487,4493,608,19566,525,208,39.6,263,50.1,10828,59104,29297,540,459,134,486,343,12460,1087,"https://fbref.com/en/squads/e0652b02/2024-2025/Juventus-Stats"
2025,"Las Palmas","La Liga","team",34,50.7,38,22497,2561,7809,10353,4511,669,22493,571,239,41.9,288,50.4,11365,56979,28603,499,346,113,547,275,14222,1197,"https://fbref.com/en/squads/0049d422/2024-2025/Las-Palmas-Stats"
2025,"Las Palmas","La Liga","opponent",34,49.3,38,22205,2110,6608,10200,5612,931,22195,654,285,43.6,307,46.9,11832,64867,34121,684,471,197,638,312,13983,1457,"https://fbref.com/en/squads/0049d422/2024-2025/Las-Palmas-Stats"
2025,"Lazio","Serie A","team",27,55.1,38,23200,2262,6760,11033,5654,928,23193,628,296,47.1,266,42.4,13530,76731,39821,774,587,189,469,310,16281,1580,"https://fbref.com/en/squads/7213da33/2024-2025/Lazio-Stats"
2025,"Lazio","Serie A","opponent",27,44.9,38,19987,2599,7206,8767,4204,661,19983,546,250,45.8,251,46,11670,63272,31920,548,381,124,437,269,12863,1124,"https://fbref.com/en/squads/7213da33/2024-2025/Lazio-Stats"
2025,"Le Havre","Ligue 1","team",31,43.1,34,17975,2197,6737,7822,3637,581,17965,512,233,45.5,236,46.1,9506,52339,26445,538,347,93,448,311,11013,1033,"https://fbref.com/en/squads/5c2737db/2024-2025/Le-Havre-Stats"
2025,"Le Havre","Ligue 1","opponent",31,56.9,34,22664,1913,5983,11021,5860,832,22658,605,258,42.6,304,50.2,13247,67565,35670,633,469,140,535,317,15850,1632,"https://fbref.com/en/squads/5c2737db/2024-2025/Le-Havre-Stats"
2025,"Lecce","Serie A","team",31,43.8,38,19445,2594,7211,8380,4085,605,19441,547,237,43.3,248,45.3,9704,52572,25490,519,349,121,572,290,11350,1062,"https://fbref.com/en/squads/ffcbe334/2024-2025/Lecce-Stats"
2025,"Lecce","Serie A","opponent",31,56.2,38,23576,2146,6501,11073,6205,899,23566,644,283,43.9,301,46.7,13689,70792,35907,654,510,165,594,326,15603,1668,"https://fbref.com/en/squads/ffcbe334/2024-2025/Lecce-Stats"
2025,"Leganés","La Liga","team",26,42.6,38,19312,2448,7029,8720,3764,482,19305,627,302,48.2,263,41.9,9782,47776,24033,417,364,105,575,314,11128,1023,"https://fbref.com/en/squads/7c6f2c78/2024-2025/Leganes-Stats"
2025,"Leganés","La Liga","opponent",26,57.4,38,24252,1859,6747,11160,6562,957,24244,683,304,44.5,295,43.2,13277,70117,38008,754,561,191,609,338,16152,1661,"https://fbref.com/en/squads/7c6f2c78/2024-2025/Leganes-Stats"
2025,"Leicester City","Premier League","team",32,45.4,38,21748,2881,8066,9845,4048,632,21745,638,264,41.4,304,47.6,12276,61780,30421,576,365,143,500,336,13828,1072,"https://fbref.com/en/squads/a2d435b3/2024-2025/Leicester-City-Stats"
2025,"Leicester City","Premier League","opponent",32,54.6,38,25340,2098,7128,11349,7106,1214,25336,782,359,45.9,336,43,14685,76672,39044,735,534,236,518,392,17421,1736,"https://fbref.com/en/squads/a2d435b3/2024-2025/Leicester-City-Stats"
2025,"Lens","Ligue 1","team",33,54.1,34,22167,1929,6346,10186,5833,848,22162,582,249,42.8,297,51,12325,60837,30074,570,479,122,576,341,14727,1440,"https://fbref.com/en/squads/fd4e0f7d/2024-2025/Lens-Stats"
2025,"Lens","Ligue 1","opponent",33,45.9,34,19947,2360,6777,8799,4591,684,19938,633,280,44.2,299,47.2,10605,55338,28614,585,454,167,551,307,12410,1085,"https://fbref.com/en/squads/fd4e0f7d/2024-2025/Lens-Stats"
2025,"Leverkusen","Bundesliga","team",23,59.2,34,25098,1888,5876,12171,7188,918,25092,584,254,43.5,293,50.2,13865,67255,35710,696,496,181,458,253,18137,1678,"https://fbref.com/en/squads/c7a9f859/2024-2025/Bayer-Leverkusen-Stats"
2025,"Leverkusen","Bundesliga","opponent",23,40.8,34,18556,2562,7087,7890,3728,560,18552,384,173,45.1,184,47.9,10192,49152,23558,403,333,99,438,211,11490,972,"https://fbref.com/en/squads/c7a9f859/2024-2025/Bayer-Leverkusen-Stats"
2025,"Lille","Ligue 1","team",27,57.6,34,23278,1932,6099,11352,5991,854,23268,598,283,47.3,288,48.2,13642,71203,37395,669,512,158,513,300,16614,1603,"https://fbref.com/en/squads/cb188c0c/2024-2025/Lille-Stats"
2025,"Lille","Ligue 1","opponent",27,42.4,34,18455,2383,7264,7928,3473,601,18451,594,243,40.9,311,52.4,10360,51946,26115,503,318,147,485,315,11670,935,"https://fbref.com/en/squads/cb188c0c/2024-2025/Lille-Stats"
2025,"Liverpool","Premier League","team",24,57.7,38,25905,2422,7285,11575,7274,1315,25896,677,301,44.5,310,45.8,14931,76208,41047,825,558,322,532,350,18113,1910,"https://fbref.com/en/squads/822bd0ba/2024-2025/Liverpool-Stats"
2025,"Liverpool","Premier League","opponent",24,42.3,38,20431,3165,8090,8088,4492,779,20429,740,316,42.7,340,45.9,10760,62080,32543,683,407,241,541,302,12509,1074,"https://fbref.com/en/squads/822bd0ba/2024-2025/Liverpool-Stats"
2025,"Lyon","Ligue 1","team",31,56.4,34,22636,2155,6644,10377,5810,999,22626,546,238,43.6,277,50.7,13430,67925,36807,709,483,201,456,281,15904,1600,"https://fbref.com/en/squads/d53c0b06/2024-2025/Lyon-Stats"
2025,"Lyon","Ligue 1","opponent",31,43.6,34,18656,2259,6330,8014,4506,734,18653,626,285,45.5,310,49.5,9503,52123,27283,624,391,171,454,266,11808,1119,"https://fbref.com/en/squads/d53c0b06/2024-2025/Lyon-Stats"
2025,"Mainz 05","Bundesliga","team",25,50.4,34,20675,2193,6705,9124,5015,782,20671,496,214,43.1,252,50.8,10562,48693,22087,466,334,119,593,295,12386,1272,"https://fbref.com/en/squads/a224b06a/2024-2025/Mainz-05-Stats"
2025,"Mainz 05","Bundesliga","opponent",25,49.6,34,20500,2395,7086,8870,4721,774,20495,491,212,43.2,236,48.1,10118,47298,22409,436,329,132,534,328,12192,1107,"https://fbref.com/en/squads/a224b06a/2024-2025/Mainz-05-Stats"
2025,"Mallorca","La Liga","team",28,46.8,38,20649,2598,7168,9299,4391,635,20644,583,255,43.7,260,44.6,10945,56532,26760,479,409,85,567,377,12481,1169,"https://fbref.com/en/squads/2aa12281/2024-2025/Mallorca-Stats"
2025,"Mallorca","La Liga","opponent",28,53.2,38,22970,2030,6645,10519,6025,901,22967,549,243,44.3,257,46.8,12758,66974,35251,693,462,189,577,327,14846,1572,"https://fbref.com/en/squads/2aa12281/2024-2025/Mallorca-Stats"
2025,"Manchester City","Premier League","team",30,61.3,38,28103,2092,6503,12076,9753,1348,28099,799,377,47.2,301,37.7,18077,103744,56163,1146,863,404,476,395,21242,1920,"https://fbref.com/en/squads/b8fd03ef/2024-2025/Manchester-City-Stats"
2025,"Manchester City","Premier League","opponent",30,38.7,38,19488,3154,8514,7370,3783,699,19484,523,235,44.9,214,40.9,10841,55784,27469,546,343,164,487,283,12560,904,"https://fbref.com/en/squads/b8fd03ef/2024-2025/Manchester-City-Stats"
2025,"Manchester Utd","Premier League","team",31,53.5,38,24734,2553,8593,10460,5908,967,24730,621,252,40.6,323,52,15116,75007,37992,697,475,230,521,353,16672,1433,"https://fbref.com/en/squads/19538871/2024-2025/Manchester-United-Stats"
2025,"Manchester Utd","Premier League","opponent",31,46.5,38,22105,2507,7059,9848,5437,800,22100,775,323,41.7,400,51.6,12263,65968,33543,672,529,184,489,417,14134,1172,"https://fbref.com/en/squads/19538871/2024-2025/Manchester-United-Stats"
2025,"Marseille","Ligue 1","team",32,63.3,34,26602,1928,6930,13580,6271,850,26592,607,278,45.8,300,49.4,16260,75565,39382,664,499,197,471,313,20224,1703,"https://fbref.com/en/squads/5725cc7b/2024-2025/Marseille-Stats"
2025,"Marseille","Ligue 1","opponent",32,36.7,34,16997,2207,6352,7403,3418,527,16991,510,198,38.8,274,53.7,8945,45661,22546,436,277,155,442,278,10556,867,"https://fbref.com/en/squads/5725cc7b/2024-2025/Marseille-Stats"
2025,"Milan","Serie A","team",35,53.9,38,22849,2115,7299,10263,5518,966,22841,721,343,47.6,309,42.9,14001,80439,44096,915,648,269,513,288,16145,1572,"https://fbref.com/en/squads/dc56fe14/2024-2025/Milan-Stats"
2025,"Milan","Serie A","opponent",35,46.1,38,20310,2550,7151,8891,4491,679,20308,527,234,44.4,246,46.7,11742,65088,33379,618,452,150,469,306,13610,1216,"https://fbref.com/en/squads/dc56fe14/2024-2025/Milan-Stats"
2025,"Monaco","Ligue 1","team",28,55,34,21883,1745,5633,10914,5558,969,21876,613,266,43.4,300,48.9,12485,65950,34414,670,534,187,601,341,14447,1629,"https://fbref.com/en/squads/fd6114db/2024-2025/Monaco-Stats"
2025,"Monaco","Ligue 1","opponent",28,45,34,19030,2336,6789,8295,4152,588,19027,666,285,42.8,339,50.9,9441,50276,25261,549,389,133,578,331,11475,1198,"https://fbref.com/en/squads/fd6114db/2024-2025/Monaco-Stats"
2025,"Montpellier","Ligue 1","team",35,45.3,34,18133,2072,6036,8263,4032,540,18129,609,262,43,302,49.6,9615,54614,27149,529,362,138,478,296,11348,1030,"https://fbref.com/en/squads/281b0e73/2024-2025/Montpellier-Stats"
2025,"Montpellier","Ligue 1","opponent",35,54.7,34,21377,1891,5927,10462,5175,876,21368,640,298,46.6,310,48.4,12486,64650,34613,632,471,173,519,321,14631,1451,"https://fbref.com/en/squads/281b0e73/2024-2025/Montpellier-Stats"
2025,"Monza","Serie A","team",36,48.5,38,21338,2852,8271,9181,4056,480,21335,507,220,43.4,227,44.8,12954,65264,31645,533,413,89,510,334,14106,1081,"https://fbref.com/en/squads/21680aa4/2024-2025/Monza-Stats"
2025,"Monza","Serie A","opponent",36,51.5,38,22691,1877,5883,11026,5982,904,22687,554,229,41.3,272,49.1,12838,66921,34494,699,542,186,545,290,15414,1581,"https://fbref.com/en/squads/21680aa4/2024-2025/Monza-Stats"
2025,"Nantes","Ligue 1","team",30,40.4,34,17874,2137,6120,8089,3839,644,17869,525,227,43.2,278,53,9492,48016,23741,502,344,141,485,286,10932,1044,"https://fbref.com/en/squads/d7a486cd/2024-2025/Nantes-Stats"
2025,"Nantes","Ligue 1","opponent",30,59.6,34,24836,1972,6721,12086,6215,872,24828,603,244,40.5,321,53.2,14536,73671,38972,715,482,175,500,324,17820,1709,"https://fbref.com/en/squads/d7a486cd/2024-2025/Nantes-Stats"
2025,"Napoli","Serie A","team",27,54.6,38,23892,2258,7471,11310,5295,869,23887,611,244,39.9,286,46.8,13244,69492,35365,739,443,207,473,326,16735,1530,"https://fbref.com/en/squads/d48ad4ff/2024-2025/Napoli-Stats"
2025,"Napoli","Serie A","opponent",27,45.4,38,20770,2464,6906,9530,4543,584,20766,519,211,40.7,258,49.7,11837,63353,30835,537,445,103,499,277,13488,1132,"https://fbref.com/en/squads/d48ad4ff/2024-2025/Napoli-Stats"
2025,"Newcastle Utd","Premier League","team",24,51.3,38,23032,2284,7468,9671,6124,1082,23026,657,282,42.9,298,45.4,13016,71021,36065,759,474,263,491,438,15294,1583,"https://fbref.com/en/squads/b2b47a98/2024-2025/Newcastle-United-Stats"
2025,"Newcastle Utd","Premier League","opponent",24,48.7,38,22228,2680,7157,9564,5732,888,22226,687,298,43.4,306,44.5,12457,65304,33229,667,474,223,543,297,14188,1260,"https://fbref.com/en/squads/b2b47a98/2024-2025/Newcastle-United-Stats"
2025,"Nice","Ligue 1","team",31,47.5,34,20206,2171,6488,9270,4693,843,20200,687,295,42.9,346,50.4,10937,58506,32981,701,413,171,540,315,13013,1312,"https://fbref.com/en/squads/132ebc33/2024-2025/Nice-Stats"
2025,"Nice","Ligue 1","opponent",31,52.5,34,21769,2318,6781,10019,5194,738,21766,568,237,41.7,297,52.3,12118,60988,30830,618,468,149,499,336,14620,1305,"https://fbref.com/en/squads/132ebc33/2024-2025/Nice-Stats"
2025,"Nott'ham Forest","Premier League","team",23,41.2,38,18996,2463,6477,7689,5063,785,18993,581,259,44.6,233,40.1,8768,49825,26563,633,384,187,563,324,10733,1117,"https://fbref.com/en/squads/e4a775cb/2024-2025/Nottingham-Forest-Stats"
2025,"Nott'ham Forest","Premier League","opponent",23,58.8,38,24861,2141,6917,11116,7047,1068,24858,755,327,43.3,343,45.4,14317,84446,48375,966,599,245,588,355,16672,1868,"https://fbref.com/en/squads/e4a775cb/2024-2025/Nottingham-Forest-Stats"
2025,"Osasuna","La Liga","team",25,46.1,38,20036,2263,6318,8904,5007,737,20027,592,260,43.9,279,47.1,10439,54365,27022,567,424,134,532,293,12053,1204,"https://fbref.com/en/squads/03c57e2b/2024-2025/Osasuna-Stats"
2025,"Osasuna","La Liga","opponent",25,53.9,38,23180,2310,7397,10374,5622,821,23173,671,307,45.8,311,46.3,12868,68588,36262,647,491,168,674,303,15079,1535,"https://fbref.com/en/squads/03c57e2b/2024-2025/Osasuna-Stats"
2025,"Paris S-G","Ligue 1","team",28,68,34,29502,1991,6704,14734,8262,1211,29495,802,364,45.4,393,49,18244,92964,49950,936,702,347,488,329,23027,2114,"https://fbref.com/en/squads/e2d8892c/2024-2025/Paris-Saint-Germain-Stats"
2025,"Paris S-G","Ligue 1","opponent",28,32,34,15926,2513,6411,6303,3420,561,15923,638,282,44.2,325,50.9,8255,43399,20700,467,318,125,510,294,9268,868,"https://fbref.com/en/squads/e2d8892c/2024-2025/Paris-Saint-Germain-Stats"
2025,"Parma","Serie A","team",32,44.2,38,19903,2706,7204,8455,4468,655,19896,587,249,42.4,276,47,11305,58058,29684,578,416,168,548,297,12339,1049,"https://fbref.com/en/squads/eab4234c/2024-2025/Parma-Stats"
2025,"Parma","Serie A","opponent",32,55.8,38,23755,2179,7107,10907,5980,943,23750,561,242,43.1,242,43.1,14164,77691,43161,822,573,209,524,281,16290,1752,"https://fbref.com/en/squads/eab4234c/2024-2025/Parma-Stats"
2025,"RB Leipzig","Bundesliga","team",29,52.2,34,22396,2257,6793,10962,4856,757,22392,580,261,45,260,44.8,11429,54894,27778,516,392,136,510,312,14621,1346,"https://fbref.com/en/squads/acbb6a5b/2024-2025/RB-Leipzig-Stats"
2025,"RB Leipzig","Bundesliga","opponent",29,47.8,34,20820,2272,6842,9156,4982,889,20817,574,267,46.5,258,44.9,10832,52648,25250,530,354,154,510,285,12947,1256,"https://fbref.com/en/squads/acbb6a5b/2024-2025/RB-Leipzig-Stats"
2025,"Rayo Vallecano","La Liga","team",26,51.7,38,22372,2557,7799,9339,5455,711,22371,647,286,44.2,304,47,12068,58402,29156,589,431,143,630,327,13833,1346,"https://fbref.com/en/squads/98e8af82/2024-2025/Rayo-Vallecano-Stats"
2025,"Rayo Vallecano","La Liga","opponent",26,48.3,38,21249,2413,7416,9160,4906,774,21241,740,355,48,309,41.8,10729,60783,31944,613,434,161,630,318,12661,1318,"https://fbref.com/en/squads/98e8af82/2024-2025/Rayo-Vallecano-Stats"
2025,"Real Madrid","La Liga","team",30,60.4,38,28252,2392,7662,12794,8048,1181,28238,878,412,46.9,384,43.7,17893,93355,50356,983,696,364,528,290,21223,1953,"https://fbref.com/en/squads/53a2f082/2024-2025/Real-Madrid-Stats"
2025,"Real Madrid","La Liga","opponent",30,39.6,38,19910,2621,7172,8356,4578,643,19907,521,222,42.6,264,50.7,11509,60630,31994,648,470,160,476,322,12876,1155,"https://fbref.com/en/squads/53a2f082/2024-2025/Real-Madrid-Stats"
2025,"Real Sociedad","La Liga","team",31,53.8,38,23027,2275,7208,10770,5243,747,23023,659,295,44.8,307,46.6,12533,67115,34084,645,417,163,603,297,14716,1325,"https://fbref.com/en/squads/e31d1cd9/2024-2025/Real-Sociedad-Stats"
2025,"Real Sociedad","La Liga","opponent",31,46.2,38,20816,2394,7200,8796,5046,752,20809,643,271,42.1,308,47.9,10345,51781,25476,538,384,168,618,341,12516,1128,"https://fbref.com/en/squads/e31d1cd9/2024-2025/Real-Sociedad-Stats"
2025,"Reims","Ligue 1","team",34,44.1,34,18663,2437,6983,7699,4213,649,18661,629,279,44.4,312,49.6,9968,59074,30711,586,420,139,576,304,11542,1140,"https://fbref.com/en/squads/7fdd64e0/2024-2025/Reims-Stats"
2025,"Reims","Ligue 1","opponent",34,55.9,34,22485,1994,6180,10380,6116,936,22480,575,266,46.3,285,49.6,12935,67208,36523,663,521,187,497,273,15499,1620,"https://fbref.com/en/squads/7fdd64e0/2024-2025/Reims-Stats"
2025,"Rennes","Ligue 1","team",35,50.9,34,20688,1999,6281,9624,4970,763,20680,643,270,42,327,50.9,11438,61463,31644,663,429,186,508,344,13788,1421,"https://fbref.com/en/squads/b3072e00/2024-2025/Rennes-Stats"
2025,"Rennes","Ligue 1","opponent",35,49.1,34,20140,2247,6943,9019,4349,697,20134,543,214,39.4,296,54.5,11095,55664,28097,575,365,162,499,300,13134,1136,"https://fbref.com/en/squads/b3072e00/2024-2025/Rennes-Stats"
2025,"Roma","Serie A","team",28,53.9,38,24126,2375,7151,11355,5819,861,24118,563,210,37.3,266,47.2,14077,72568,36058,691,579,162,545,283,16857,1488,"https://fbref.com/en/squads/cf74a709/2024-2025/Roma-Stats"
2025,"Roma","Serie A","opponent",28,46.1,38,21195,2530,7476,9356,4564,677,21191,487,215,44.1,224,46,11917,65549,33211,668,479,161,538,327,14024,1266,"https://fbref.com/en/squads/cf74a709/2024-2025/Roma-Stats"
2025,"Saint-Étienne","Ligue 1","team",32,47.1,34,19848,2437,6917,8493,4607,600,19844,558,239,42.8,294,52.7,10318,51180,26053,529,334,138,550,309,12920,1254,"https://fbref.com/en/squads/d298ef2c/2024-2025/Saint-Etienne-Stats"
2025,"Saint-Étienne","Ligue 1","opponent",32,52.9,34,21882,1767,6492,10179,5407,980,21867,627,298,47.5,296,47.2,12700,64548,34226,714,481,235,532,285,15019,1453,"https://fbref.com/en/squads/d298ef2c/2024-2025/Saint-Etienne-Stats"
2025,"Sevilla","La Liga","team",35,50.5,38,22465,2404,8057,9800,4813,669,22462,720,339,47.1,320,44.4,11147,58366,29786,594,397,161,624,331,14288,1186,"https://fbref.com/en/squads/ad2be733/2024-2025/Sevilla-Stats"
2025,"Sevilla","La Liga","opponent",35,49.5,38,22206,2259,7100,10193,5095,670,22200,637,251,39.4,312,49,12283,61270,31116,551,423,139,527,336,14188,1249,"https://fbref.com/en/squads/ad2be733/2024-2025/Sevilla-Stats"
2025,"Southampton","Premier League","team",36,48.5,38,22776,3003,8424,9788,4766,688,22774,736,312,42.4,333,45.2,12656,66945,34286,640,460,165,486,355,15394,1118,"https://fbref.com/en/squads/33c895d4/2024-2025/Southampton-Stats"
2025,"Southampton","Premier League","opponent",36,51.5,38,23778,2130,6772,9944,7291,1264,23769,661,304,46,280,42.4,13724,72045,37999,814,548,300,429,372,16411,1635,"https://fbref.com/en/squads/33c895d4/2024-2025/Southampton-Stats"
2025,"St. Pauli","Bundesliga","team",28,44.2,34,19141,2257,6816,8232,4244,648,19139,429,179,41.7,201,46.9,9105,45927,22922,418,326,122,476,262,11611,1057,"https://fbref.com/en/squads/54864664/2024-2025/St-Pauli-Stats"
2025,"St. Pauli","Bundesliga","opponent",28,55.8,34,23319,2172,6856,12047,4560,704,23314,554,245,44.2,266,48,12880,63001,31468,484,352,117,554,271,15848,1374,"https://fbref.com/en/squads/54864664/2024-2025/St-Pauli-Stats"
2025,"Strasbourg","Ligue 1","team",30,50.1,34,21307,2567,8555,9120,3825,614,21305,629,282,44.8,304,48.3,12112,56806,29750,563,365,170,514,263,14530,1191,"https://fbref.com/en/squads/c0d3eab4/2024-2025/Strasbourg-Stats"
2025,"Strasbourg","Ligue 1","opponent",30,49.9,34,20748,2028,6897,9204,4819,823,20739,489,202,41.3,257,52.6,11921,59250,27519,537,395,164,494,280,14145,1349,"https://fbref.com/en/squads/c0d3eab4/2024-2025/Strasbourg-Stats"
2025,"Stuttgart","Bundesliga","team",29,57.2,34,23545,2241,6719,11421,5572,945,23539,566,264,46.6,272,48.1,13416,68876,32190,545,434,170,499,312,16334,1478,"https://fbref.com/en/squads/598bc722/2024-2025/Stuttgart-Stats"
2025,"Stuttgart","Bundesliga","opponent",29,42.8,34,18607,2476,6977,7887,3903,669,18604,515,222,43.1,254,49.3,9866,48935,22980,443,320,128,464,223,11303,1014,"https://fbref.com/en/squads/598bc722/2024-2025/Stuttgart-Stats"
2025,"Torino","Serie A","team",31,47.5,38,20697,2400,6911,9482,4475,605,20693,452,169,37.4,236,52.2,12098,62802,31118,529,389,107,490,272,13424,1103,"https://fbref.com/en/squads/105360fe/2024-2025/Torino-Stats"
2025,"Torino","Serie A","opponent",31,52.5,38,22649,2383,7542,9869,5453,868,22642,499,205,41.1,232,46.5,13393,67768,33178,722,478,177,532,236,15221,1332,"https://fbref.com/en/squads/105360fe/2024-2025/Torino-Stats"
2025,"Tottenham","Premier League","team",31,54.7,38,24315,2626,8159,10173,6223,1001,24311,812,308,37.9,425,52.3,15073,82903,41758,840,566,249,538,426,16373,1582,"https://fbref.com/en/squads/361ca564/2024-2025/Tottenham-Hotspur-Stats"
2025,"Tottenham","Premier League","opponent",31,45.3,38,21039,2561,7305,8457,5517,994,21036,693,302,43.6,296,42.7,11514,60259,29730,660,417,220,497,365,12992,1316,"https://fbref.com/en/squads/361ca564/2024-2025/Tottenham-Hotspur-Stats"
2025,"Toulouse","Ligue 1","team",27,45,34,18606,1884,6030,8440,4363,789,18602,616,277,45,306,49.7,10414,51124,26397,543,369,155,527,311,11568,1201,"https://fbref.com/en/squads/3f8c4b5f/2024-2025/Toulouse-Stats"
2025,"Toulouse","Ligue 1","opponent",27,55,34,22354,2367,7535,10508,4524,615,22352,651,290,44.5,318,48.8,12597,64349,31370,589,403,128,548,287,15275,1320,"https://fbref.com/en/squads/3f8c4b5f/2024-2025/Toulouse-Stats"
2025,"Udinese","Serie A","team",31,47.2,38,20351,2410,6993,9142,4451,694,20347,623,281,45.1,294,47.2,11222,61191,29910,566,424,127,558,295,12776,1140,"https://fbref.com/en/squads/04eea015/2024-2025/Udinese-Stats"
2025,"Udinese","Serie A","opponent",31,52.8,38,22212,2520,7711,9803,4905,788,22204,578,229,39.6,279,48.3,12421,64424,31794,582,419,159,536,283,14666,1273,"https://fbref.com/en/squads/04eea015/2024-2025/Udinese-Stats"
2025,"Union Berlin","Bundesliga","team",28,40,34,17834,2167,6285,7721,3997,688,17831,420,172,41,214,51,8875,42427,20269,390,252,107,472,286,9874,1032,"https://fbref.com/en/squads/7a41008f/2024-2025/Union-Berlin-Stats"
2025,"Union Berlin","Bundesliga","opponent",28,60,34,24274,2285,6987,12081,5341,764,24268,553,237,42.9,270,48.8,13550,66402,33786,595,435,123,486,267,16348,1484,"https://fbref.com/en/squads/7a41008f/2024-2025/Union-Berlin-Stats"
2025,"Valencia","La Liga","team",32,48.4,38,21876,2290,7206,9840,5033,653,21871,625,236,37.8,321,51.4,11347,59375,30877,572,414,122,534,340,13802,1328,"https://fbref.com/en/squads/dcc91a7b/2024-2025/Valencia-Stats"
2025,"Valencia","La Liga","opponent",32,51.6,38,23232,2269,7471,10614,5323,743,23223,633,252,39.8,321,50.7,12610,64537,31522,589,414,156,581,326,15181,1403,"https://fbref.com/en/squads/dcc91a7b/2024-2025/Valencia-Stats"
2025,"Valladolid","La Liga","team",38,42.8,38,19507,2681,8158,8153,3393,523,19502,624,289,46.3,266,42.6,9680,54312,27524,476,316,120,513,268,11933,976,"https://fbref.com/en/squads/17859612/2024-2025/Valladolid-Stats"
2025,"Valladolid","La Liga","opponent",38,57.2,38,24328,1805,5842,11908,6783,982,24321,616,290,47.1,276,44.8,14005,73671,39730,724,592,199,547,320,16996,1741,"https://fbref.com/en/squads/17859612/2024-2025/Valladolid-Stats"
2025,"Venezia","Serie A","team",36,45.1,38,19451,2614,7044,8341,4288,633,19445,601,248,41.3,290,48.3,10476,56455,28256,507,383,124,621,398,11442,1057,"https://fbref.com/en/squads/af5d5982/2024-2025/Venezia-Stats"
2025,"Venezia","Serie A","opponent",36,54.9,38,22914,2219,7116,10168,5872,922,22903,654,286,43.7,286,43.7,12980,66635,32620,719,506,191,627,319,14815,1376,"https://fbref.com/en/squads/af5d5982/2024-2025/Venezia-Stats"
2025,"Villarreal","La Liga","team",31,47.6,38,22112,2612,7831,9120,5352,983,22105,627,279,44.5,278,44.3,12034,63384,34540,693,503,202,560,289,14383,1510,"https://fbref.com/en/squads/2a8183b3/2024-2025/Villarreal-Stats"
2025,"Villarreal","La Liga","opponent",31,52.4,38,23983,2415,7431,10422,6344,822,23975,689,292,42.4,336,48.8,14128,70607,37444,720,563,183,519,313,16496,1586,"https://fbref.com/en/squads/2a8183b3/2024-2025/Villarreal-Stats"
2025,"Werder Bremen","Bundesliga","team",23,50,34,21493,2477,7701,9226,4721,818,21488,477,195,40.9,240,50.3,12439,58079,27735,495,347,126,493,256,13899,1343,"https://fbref.com/en/squads/62add3bf/2024-2025/Werder-Bremen-Stats"
2025,"Werder Bremen","Bundesliga","opponent",23,50.1,34,21849,2259,6824,10158,5066,781,21846,563,245,43.5,276,49,11625,56447,27051,540,396,157,499,275,14179,1323,"https://fbref.com/en/squads/62add3bf/2024-2025/Werder-Bremen-Stats"
2025,"West Ham","Premier League","team",27,48.4,38,22887,2942,8352,9852,4896,839,22884,793,347,43.8,360,45.4,11796,59439,29684,632,394,175,492,392,14712,1214,"https://fbref.com/en/squads/7c21e445/2024-2025/West-Ham-United-Stats"
2025,"West Ham","Premier League","opponent",27,51.6,38,23805,2423,7191,10213,6620,1094,23802,605,242,40,290,47.9,13771,74244,39404,832,510,242,512,364,15670,1610,"https://fbref.com/en/squads/7c21e445/2024-2025/West-Ham-United-Stats"
2025,"Wolfsburg","Bundesliga","team",27,46.1,34,19121,2295,6603,8190,4491,725,19116,514,209,40.7,268,52.1,10180,49144,23417,489,338,131,504,215,11456,1196,"https://fbref.com/en/squads/4eaa11d7/2024-2025/Wolfsburg-Stats"
2025,"Wolfsburg","Bundesliga","opponent",27,53.9,34,21657,2121,6793,9608,5447,789,21654,580,294,50.7,246,42.4,11549,57655,29055,549,414,145,493,245,14111,1340,"https://fbref.com/en/squads/4eaa11d7/2024-2025/Wolfsburg-Stats"
2025,"Wolves","Premier League","team",32,48.1,38,22329,2578,7797,10051,4750,729,22328,731,324,44.3,315,43.1,12486,66974,34365,607,458,146,591,369,14358,1179,"https://fbref.com/en/squads/8cec06e1/2024-2025/Wolverhampton-Wanderers-Stats"
2025,"Wolves","Premier League","opponent",32,51.9,38,23658,2351,7218,10397,6274,982,23649,778,296,38,373,47.9,13159,70747,36766,767,520,234,557,428,15750,1522,"https://fbref.com/en/squads/8cec06e1/2024-2025/Wolverhampton-Wanderers-Stats"
